Market_and_Exchange_Names,As_of_Date_In_Form_YYMMDD,Report_Date_as_YYYY-MM-DD,CFTC_Contract_Market_Code,CFTC_Market_Code,CFTC_Region_Code,CFTC_Commodity_Code,Open_Interest_All,Prod_Merc_Positions_Long_All,Prod_Merc_Positions_Short_All,Swap_Positions_Long_All,Swap__Positions_Short_All,Swap__Positions_Spread_All,M_Money_Positions_Long_All,M_Money_Positions_Short_All,M_Money_Positions_Spread_All,Other_Rept_Positions_Long_All,Other_Rept_Positions_Short_All,Other_Rept_Positions_Spread_All,Tot_Rept_Positions_Long_All,Tot_Rept_Positions_Short_All,NonRept_Positions_Long_All,NonRept_Positions_Short_All,Open_Interest_Old,Prod_Merc_Positions_Long_Old,Prod_Merc_Positions_Short_Old,Swap_Positions_Long_Old,Swap__Positions_Short_Old,Swap__Positions_Spread_Old,M_Money_Positions_Long_Old,M_Money_Positions_Short_Old,M_Money_Positions_Spread_Old,Other_Rept_Positions_Long_Old,Other_Rept_Positions_Short_Old,Other_Rept_Positions_Spread_Old,Tot_Rept_Positions_Long_Old,Tot_Rept_Positions_Short_Old,NonRept_Positions_Long_Old,NonRept_Positions_Short_Old,Open_Interest_Other,Prod_Merc_Positions_Long_Other,Prod_Merc_Positions_Short_Other,Swap_Positions_Long_Other,Swap__Positions_Short_Other,Swap__Positions_Spread_Other,M_Money_Positions_Long_Other,M_Money_Positions_Short_Other,M_Money_Positions_Spread_Other,Other_Rept_Positions_Long_Other,Other_Rept_Positions_Short_Other,Other_Rept_Positions_Spread_Other,Tot_Rept_Positions_Long_Other,Tot_Rept_Positions_Short_Other,NonRept_Positions_Long_Other,NonRept_Positions_Short_Other,Change_in_Open_Interest_All,Change_in_Prod_Merc_Long_All,Change_in_Prod_Merc_Short_All,Change_in_Swap_Long_All,Change_in_Swap_Short_All,Change_in_Swap_Spread_All,Change_in_M_Money_Long_All,Change_in_M_Money_Short_All,Change_in_M_Money_Spread_All,Change_in_Other_Rept_Long_All,Change_in_Other_Rept_Short_All,Change_in_Other_Rept_Spread_All,Change_in_Tot_Rept_Long_All,Change_in_Tot_Rept_Short_All,Change_in_NonRept_Long_All,Change_in_NonRept_Short_All,Pct_of_Open_Interest_All,Pct_of_OI_Prod_Merc_Long_All,Pct_of_OI_Prod_Merc_Short_All,Pct_of_OI_Swap_Long_All,Pct_of_OI_Swap_Short_All,Pct_of_OI_Swap_Spread_All,Pct_of_OI_M_Money_Long_All,Pct_of_OI_M_Money_Short_All,Pct_of_OI_M_Money_Spread_All,Pct_of_OI_Other_Rept_Long_All,Pct_of_OI_Other_Rept_Short_All,Pct_of_OI_Other_Rept_Spread_All,Pct_of_OI_Tot_Rept_Long_All,Pct_of_OI_Tot_Rept_Short_All,Pct_of_OI_NonRept_Long_All,Pct_of_OI_NonRept_Short_All,Pct_of_Open_Interest_Old,Pct_of_OI_Prod_Merc_Long_Old,Pct_of_OI_Prod_Merc_Short_Old,Pct_of_OI_Swap_Long_Old,Pct_of_OI_Swap_Short_Old,Pct_of_OI_Swap_Spread_Old,Pct_of_OI_M_Money_Long_Old,Pct_of_OI_M_Money_Short_Old,Pct_of_OI_M_Money_Spread_Old,Pct_of_OI_Other_Rept_Long_Old,Pct_of_OI_Other_Rept_Short_Old,Pct_of_OI_Other_Rept_Spread_Old,Pct_of_OI_Tot_Rept_Long_Old,Pct_of_OI_Tot_Rept_Short_Old,Pct_of_OI_NonRept_Long_Old,Pct_of_OI_NonRept_Short_Old,Pct_of_Open_Interest_Other,Pct_of_OI_Prod_Merc_Long_Other,Pct_of_OI_Prod_Merc_Short_Other,Pct_of_OI_Swap_Long_Other,Pct_of_OI_Swap_Short_Other,Pct_of_OI_Swap_Spread_Other,Pct_of_OI_M_Money_Long_Other,Pct_of_OI_M_Money_Short_Other,Pct_of_OI_M_Money_Spread_Other,Pct_of_OI_Other_Rept_Long_Other,Pct_of_OI_Other_Rept_Short_Other,Pct_of_OI_Other_Rept_Spread_Other,Pct_of_OI_Tot_Rept_Long_Other,Pct_of_OI_Tot_Rept_Short_Other,Pct_of_OI_NonRept_Long_Other,Pct_of_OI_NonRept_Short_Other,Traders_Tot_All,Traders_Prod_Merc_Long_All,Traders_Prod_Merc_Short_All,Traders_Swap_Long_All,Traders_Swap_Short_All,Traders_Swap_Spread_All,Traders_M_Money_Long_All,Traders_M_Money_Short_All,Traders_M_Money_Spread_All,Traders_Other_Rept_Long_All,Traders_Other_Rept_Short_All,Traders_Other_Rept_Spread_All,Traders_Tot_Rept_Long_All,Traders_Tot_Rept_Short_All,Traders_Tot_Old,Traders_Prod_Merc_Long_Old,Traders_Prod_Merc_Short_Old,Traders_Swap_Long_Old,Traders_Swap_Short_Old,Traders_Swap_Spread_Old,Traders_M_Money_Long_Old,Traders_M_Money_Short_Old,Traders_M_Money_Spread_Old,Traders_Other_Rept_Long_Old,Traders_Other_Rept_Short_Old,Traders_Other_Rept_Spread_Old,Traders_Tot_Rept_Long_Old,Traders_Tot_Rept_Short_Old,Traders_Tot_Other,Traders_Prod_Merc_Long_Other,Traders_Prod_Merc_Short_Other,Traders_Swap_Long_Other,Traders_Swap_Short_Other,Traders_Swap_Spread_Other,Traders_M_Money_Long_Other,Traders_M_Money_Short_Other,Traders_M_Money_Spread_Other,Traders_Other_Rept_Long_Other,Traders_Other_Rept_Short_Other,Traders_Other_Rept_Spread_Other,Traders_Tot_Rept_Long_Other,Traders_Tot_Rept_Short_Other,Conc_Gross_LE_4_TDR_Long_All,Conc_Gross_LE_4_TDR_Short_All,Conc_Gross_LE_8_TDR_Long_All,Conc_Gross_LE_8_TDR_Short_All,Conc_Net_LE_4_TDR_Long_All,Conc_Net_LE_4_TDR_Short_All,Conc_Net_LE_8_TDR_Long_All,Conc_Net_LE_8_TDR_Short_All,Conc_Gross_LE_4_TDR_Long_Old,Conc_Gross_LE_4_TDR_Short_Old,Conc_Gross_LE_8_TDR_Long_Old,Conc_Gross_LE_8_TDR_Short_Old,Conc_Net_LE_4_TDR_Long_Old,Conc_Net_LE_4_TDR_Short_Old,Conc_Net_LE_8_TDR_Long_Old,Conc_Net_LE_8_TDR_Short_Old,Conc_Gross_LE_4_TDR_Long_Other,Conc_Gross_LE_4_TDR_Short_Other,Conc_Gross_LE_8_TDR_Long_Other,Conc_Gross_LE_8_TDR_Short_Other,Conc_Net_LE_4_TDR_Long_Other,Conc_Net_LE_4_TDR_Short_Other,Conc_Net_LE_8_TDR_Long_Other,Conc_Net_LE_8_TDR_Short_Other,Contract_Units,CFTC_Contract_Market_Code_Quotes,CFTC_Market_Code_Quotes,CFTC_Commodity_Code_Quotes,CFTC_SubGroup_Code,FutOnly_or_Combined
GOLD - COMMODITY EXCHANGE INC.,250805,2025-08-05,088691,CMX ,1,88,670740,43003,70271,33758,270179,62450,192973,31162,40049,90523,22117,149032,611788,645260,58951,25479,670740,43003,70271,33758,270179,62450,192973,31162,40049,90523,22117,149032,611788,645260,58951,25479,0,0,0,0,0,0,0,0,0,0,0,0,0,0,0,0,   22326,   12247,   -3338,   -3716,   21501,   -8537,   14538,   -4427,    1579,   -3974,    1961,   11255,   23392,   19994,   -1066,    2332,100.0,6.4,10.5,5.0,40.3,9.3,28.8,4.6,6.0,13.5,3.3,22.2,91.2,96.2,8.8,3.8,100.0,6.4,10.5,5.0,40.3,9.3,28.8,4.6,6.0,13.5,3.3,22.2,91.2,96.2,8.8,3.8,100.0,0.0,0.0,0.0,0.0,0.0,0.0,0.0,0.0,0.0,0.0,0.0,0.0,0.0,0.0,0.0,345,     19,     20,     17,     29,     39,    119,     14,     73,     96,     43,     70,312,    229,345,     19,     20,     17,     29,     39,    119,     14,     73,     96,     43,     70,    312,    229,      0,      0,      0,      0,      0,      0,      0,      0,      0,      0,      0,      0,      0,      0,17.9,27.5,28.7,45.7,13.2,22.4,20.3,36.6,17.9,27.5,28.7,45.7,13.2,22.4,20.3,36.6,0.0,0.0,0.0,0.0,0.0,0.0,0.0,0.0,(CONTRACTS OF 100 TROY OUNCES),088691,CMX ,88,N20,Combined
GOLD - COMMODITY EXCHANGE INC.,250729,2025-07-29,088691,CMX ,1,88,648414,30756,73609,37473,248678,70987,178435,35589,38470,94497,20156,137777,588396,625267,60017,23147,648414,30756,73609,37473,248678,70987,178435,35589,38470,94497,20156,137777,588396,625267,60017,23147,0,0,0,0,0,0,0,0,0,0,0,0,0,0,0,0, -110127,   -4152,   -4559,    5972,  -15082,  -14173,  -26079,    1942,  -13975,   -5044,   -4974,  -50534, -107985, -101355,   -2142,   -8773,100.0,4.7,11.4,5.8,38.4,10.9,27.5,5.5,5.9,14.6,3.1,21.2,90.7,96.4,9.3,3.6,100.0,4.7,11.4,5.8,38.4,10.9,27.5,5.5,5.9,14.6,3.1,21.2,90.7,96.4,9.3,3.6,100.0,0.0,0.0,0.0,0.0,0.0,0.0,0.0,0.0,0.0,0.0,0.0,0.0,0.0,0.0,0.0,329,     17,     20,     21,     25,     39,    108,     18,     70,     94,     36,     66,300,    217,329,     17,     20,     21,     25,     39,    108,     18,     70,     94,     36,     66,    300,    217,      0,      0,      0,      0,      0,      0,      0,      0,      0,      0,      0,      0,      0,      0,17.5,27.1,27.8,44.6,13.3,21.2,20.0,34.7,17.5,27.1,27.8,44.6,13.3,21.2,20.0,34.7,0.0,0.0,0.0,0.0,0.0,0.0,0.0,0.0,(CONTRACTS OF 100 TROY OUNCES),088691,CMX ,88,N20,Combined
GOLD - COMMODITY EXCHANGE INC.,250722,2025-07-22,088691,CMX ,1,88,758541,34908,78168,31501,263760,85161,204514,33646,52445,99542,25130,188311,696381,726621,62160,31920,758541,34908,78168,31501,263760,85161,204514,33646,52445,99542,25130,188311,696381,726621,62160,31920,0,0,0,0,0,0,0,0,0,0,0,0,0,0,0,0,   79908,    -920,    3024,   -2139,   25974,   11224,   26251,    -960,    9830,   19430,    5119,   18036,   81713,   72246,   -1805,    7662,100.0,4.6,10.3,4.2,34.8,11.2,27.0,4.4,6.9,13.1,3.3,24.8,91.8,95.8,8.2,4.2,100.0,4.6,10.3,4.2,34.8,11.2,27.0,4.4,6.9,13.1,3.3,24.8,91.8,95.8,8.2,4.2,100.0,0.0,0.0,0.0,0.0,0.0,0.0,0.0,0.0,0.0,0.0,0.0,0.0,0.0,0.0,0.0,370,     17,     24,     16,     31,     39,    126,     17,     75,     97,     53,     80,332,    246,370,     17,     24,     16,     31,     39,    126,     17,     75,     97,     53,     80,    332,    246,      0,      0,      0,      0,      0,      0,      0,      0,      0,      0,      0,      0,      0,      0,17.2,24.8,26.7,40.8,11.3,18.6,16.8,30.2,17.2,24.8,26.7,40.8,11.3,18.6,16.8,30.2,0.0,0.0,0.0,0.0,0.0,0.0,0.0,0.0,(CONTRACTS OF 100 TROY OUNCES),088691,CMX ,88,N20,Combined
GOLD - COMMODITY EXCHANGE INC.,250715,2025-07-15,088691,CMX ,1,88,678633,35828,75144,33639,237786,73937,178263,34607,42615,80111,20011,170275,614668,654375,63965,24258,678633,35828,75144,33639,237786,73937,178263,34607,42615,80111,20011,170275,614668,654375,63965,24258,0,0,0,0,0,0,0,0,0,0,0,0,0,0,0,0,   12320,    1747,    1103,   -1499,   11248,    5828,    8443,    -372,  -12338,     739,    -564,    8970,   11890,   13874,     429,   -1555,100.0,5.3,11.1,5.0,35.0,10.9,26.3,5.1,6.3,11.8,2.9,25.1,90.6,96.4,9.4,3.6,100.0,5.3,11.1,5.0,35.0,10.9,26.3,5.1,6.3,11.8,2.9,25.1,90.6,96.4,9.4,3.6,100.0,0.0,0.0,0.0,0.0,0.0,0.0,0.0,0.0,0.0,0.0,0.0,0.0,0.0,0.0,0.0,334,     17,     18,     15,     28,     37,    109,     19,     74,    101,     37,     73,309,    222,334,     17,     18,     15,     28,     37,    109,     19,     74,    101,     37,     73,    309,    222,      0,      0,      0,      0,      0,      0,      0,      0,      0,      0,      0,      0,      0,      0,18.5,26.7,28.1,42.6,11.5,20.2,17.1,31.7,18.5,26.7,28.1,42.6,11.5,20.2,17.1,31.7,0.0,0.0,0.0,0.0,0.0,0.0,0.0,0.0,(CONTRACTS OF 100 TROY OUNCES),088691,CMX ,88,N20,Combined
GOLD - COMMODITY EXCHANGE INC.,250708,2025-07-08,088691,CMX ,1,88,666313,34080,74042,35138,226538,68109,169820,34978,54953,79372,20575,161304,602778,640500,63535,25813,666313,34080,74042,35138,226538,68109,169820,34978,54953,79372,20575,161304,602778,640500,63535,25813,0,0,0,0,0,0,0,0,0,0,0,0,0,0,0,0,   -2457,     787,   -1233,    -827,    2843,    1538,   -1232,     623,   -4637,    2052,     -83,   -2848,   -5167,   -3796,    2710,    1339,100.0,5.1,11.1,5.3,34.0,10.2,25.5,5.2,8.2,11.9,3.1,24.2,90.5,96.1,9.5,3.9,100.0,5.1,11.1,5.3,34.0,10.2,25.5,5.2,8.2,11.9,3.1,24.2,90.5,96.1,9.5,3.9,100.0,0.0,0.0,0.0,0.0,0.0,0.0,0.0,0.0,0.0,0.0,0.0,0.0,0.0,0.0,0.0,328,     15,     18,     21,     24,     39,     99,     20,     68,    105,     37,     73,299,    220,328,     15,     18,     21,     24,     39,     99,     20,     68,    105,     37,     73,    299,    220,      0,      0,      0,      0,      0,      0,      0,      0,      0,      0,      0,      0,      0,      0,18.6,26.4,28.6,42.8,11.8,20.0,17.5,31.1,18.6,26.4,28.6,42.8,11.8,20.0,17.5,31.1,0.0,0.0,0.0,0.0,0.0,0.0,0.0,0.0,(CONTRACTS OF 100 TROY OUNCES),088691,CMX ,88,N20,Combined
GOLD - COMMODITY EXCHANGE INC.,250701,2025-07-01,088691,CMX ,1,88,668770,33294,75275,35966,223695,66571,171053,34356,59590,77320,20658,164152,607945,644296,60825,24473,668770,33294,75275,35966,223695,66571,171053,34356,59590,77320,20658,164152,607945,644296,60825,24473,0,0,0,0,0,0,0,0,0,0,0,0,0,0,0,0,  -30200,     368,   -2208,   -1010,    5049,   -6103,    3666,   -2547,   -1879,   -2161,    -760,  -21585,  -28704,  -30033,   -1496,    -167,100.0,5.0,11.3,5.4,33.4,10.0,25.6,5.1,8.9,11.6,3.1,24.5,90.9,96.3,9.1,3.7,100.0,5.0,11.3,5.4,33.4,10.0,25.6,5.1,8.9,11.6,3.1,24.5,90.9,96.3,9.1,3.7,100.0,0.0,0.0,0.0,0.0,0.0,0.0,0.0,0.0,0.0,0.0,0.0,0.0,0.0,0.0,0.0,334,     16,     20,     19,     27,     37,    104,     20,     68,    103,     36,     73,301,    223,334,     16,     20,     19,     27,     37,    104,     20,     68,    103,     36,     73,    301,    223,      0,      0,      0,      0,      0,      0,      0,      0,      0,      0,      0,      0,      0,      0,18.7,26.5,29.3,42.6,11.4,19.5,17.1,30.6,18.7,26.5,29.3,42.6,11.4,19.5,17.1,30.6,0.0,0.0,0.0,0.0,0.0,0.0,0.0,0.0,(CONTRACTS OF 100 TROY OUNCES),088691,CMX ,88,N20,Combined
GOLD - COMMODITY EXCHANGE INC.,250624,2025-06-24,088691,CMX ,1,88,698970,32926,77483,36975,218646,72674,167386,36902,61469,79481,21417,185737,636648,674329,62321,24641,698970,32926,77483,36975,218646,72674,167386,36902,61469,79481,21417,185737,636648,674329,62321,24641,0,0,0,0,0,0,0,0,0,0,0,0,0,0,0,0,  -43424,     689,   -4242,    1176,   -7582,   -1757,   -4217,    1925,  -12710,   -6455,    -502,  -18489,  -41763,  -43358,   -1661,     -66,100.0,4.7,11.1,5.3,31.3,10.4,23.9,5.3,8.8,11.4,3.1,26.6,91.1,96.5,8.9,3.5,100.0,4.7,11.1,5.3,31.3,10.4,23.9,5.3,8.8,11.4,3.1,26.6,91.1,96.5,8.9,3.5,100.0,0.0,0.0,0.0,0.0,0.0,0.0,0.0,0.0,0.0,0.0,0.0,0.0,0.0,0.0,0.0,345,     17,     19,     22,     24,     36,     96,     28,     70,    109,     41,     82,311,    235,345,     17,     19,     22,     24,     36,     96,     28,     70,    109,     41,     82,    311,    235,      0,      0,      0,      0,      0,      0,      0,      0,      0,      0,      0,      0,      0,      0,18.7,25.8,29.3,42.3,10.6,18.8,16.3,29.5,18.7,25.8,29.3,42.3,10.6,18.8,16.3,29.5,0.0,0.0,0.0,0.0,0.0,0.0,0.0,0.0,(CONTRACTS OF 100 TROY OUNCES),088691,CMX ,88,N20,Combined
GOLD - COMMODITY EXCHANGE INC.,250617,2025-06-17,088691,CMX ,1,88,742394,32237,81725,35799,226229,74431,171604,34978,74179,85936,21920,204226,678412,717687,63982,24707,742394,32237,81725,35799,226229,74431,171604,34978,74179,85936,21920,204226,678412,717687,63982,24707,0,0,0,0,0,0,0,0,0,0,0,0,0,0,0,0,   45312,   -1589,     946,    1851,   12912,    8160,    7289,     514,    8893,    5244,    1558,   11913,   41761,   44896,    3551,     416,100.0,4.3,11.0,4.8,30.5,10.0,23.1,4.7,10.0,11.6,3.0,27.5,91.4,96.7,8.6,3.3,100.0,4.3,11.0,4.8,30.5,10.0,23.1,4.7,10.0,11.6,3.0,27.5,91.4,96.7,8.6,3.3,100.0,0.0,0.0,0.0,0.0,0.0,0.0,0.0,0.0,0.0,0.0,0.0,0.0,0.0,0.0,0.0,363,     18,     21,     22,     24,     37,    113,     17,     70,    117,     45,     83,331,    236,363,     18,     21,     22,     24,     37,    113,     17,     70,    117,     45,     83,    331,    236,      0,      0,      0,      0,      0,      0,      0,      0,      0,      0,      0,      0,      0,      0,19.2,26.5,29.3,42.4,9.6,18.5,14.7,28.6,19.2,26.5,29.3,42.4,9.6,18.5,14.7,28.6,0.0,0.0,0.0,0.0,0.0,0.0,0.0,0.0,(CONTRACTS OF 100 TROY OUNCES),088691,CMX ,88,N20,Combined
GOLD - COMMODITY EXCHANGE INC.,250610,2025-06-10,088691,CMX ,1,88,697081,33826,80779,33948,213316,66271,164315,34464,65286,80692,20361,192313,636651,672790,60431,24291,697081,33826,80779,33948,213316,66271,164315,34464,65286,80692,20361,192313,636651,672790,60431,24291,0,0,0,0,0,0,0,0,0,0,0,0,0,0,0,0,  -13606,   -1350,    -229,    -897,    -856,   -1723,    -772,    -116,   -3576,   -1202,    -608,   -5916,  -15437,  -13025,    1831,    -581,100.0,4.9,11.6,4.9,30.6,9.5,23.6,4.9,9.4,11.6,2.9,27.6,91.3,96.5,8.7,3.5,100.0,4.9,11.6,4.9,30.6,9.5,23.6,4.9,9.4,11.6,2.9,27.6,91.3,96.5,8.7,3.5,100.0,0.0,0.0,0.0,0.0,0.0,0.0,0.0,0.0,0.0,0.0,0.0,0.0,0.0,0.0,0.0,357,     20,     22,     20,     25,     35,    112,     21,     69,    108,     45,     81,326,    232,357,     20,     22,     20,     25,     35,    112,     21,     69,    108,     45,     81,    326,    232,      0,      0,      0,      0,      0,      0,      0,      0,      0,      0,      0,      0,      0,      0,20.1,27.5,30.4,43.0,10.2,18.6,15.6,28.8,20.1,27.5,30.4,43.0,10.2,18.6,15.6,28.8,0.0,0.0,0.0,0.0,0.0,0.0,0.0,0.0,(CONTRACTS OF 100 TROY OUNCES),088691,CMX ,88,N20,Combined
GOLD - COMMODITY EXCHANGE INC.,250603,2025-06-03,088691,CMX ,1,88,710687,35176,81008,34845,214173,67995,165087,34579,68862,81894,20969,198229,652088,685815,58600,24872,710687,35176,81008,34845,214173,67995,165087,34579,68862,81894,20969,198229,652088,685815,58600,24872,0,0,0,0,0,0,0,0,0,0,0,0,0,0,0,0,   -5539,    -744,     236,    -916,   12504,  -11736,   13052,    -218,   -9697,     463,    -638,    8334,   -1244,   -1214,   -4296,   -4325,100.0,4.9,11.4,4.9,30.1,9.6,23.2,4.9,9.7,11.5,3.0,27.9,91.8,96.5,8.2,3.5,100.0,4.9,11.4,4.9,30.1,9.6,23.2,4.9,9.7,11.5,3.0,27.9,91.8,96.5,8.2,3.5,100.0,0.0,0.0,0.0,0.0,0.0,0.0,0.0,0.0,0.0,0.0,0.0,0.0,0.0,0.0,0.0,357,     21,     22,     19,     26,     37,    112,     21,     66,    106,     46,     76,323,    229,357,     21,     22,     19,     26,     37,    112,     21,     66,    106,     46,     76,    323,    229,      0,      0,      0,      0,      0,      0,      0,      0,      0,      0,      0,      0,      0,      0,20.2,27.7,30.3,42.8,10.0,18.4,15.0,28.4,20.2,27.7,30.3,42.8,10.0,18.4,15.0,28.4,0.0,0.0,0.0,0.0,0.0,0.0,0.0,0.0,(CONTRACTS OF 100 TROY OUNCES),088691,CMX ,88,N20,Combined
GOLD - COMMODITY EXCHANGE INC.,250527,2025-05-27,088691,CMX ,1,88,716227,35919,80772,35761,201669,79731,152034,34797,78559,81432,21607,189895,653331,687030,62895,29197,716227,35919,80772,35761,201669,79731,152034,34797,78559,81432,21607,189895,653331,687030,62895,29197,0,0,0,0,0,0,0,0,0,0,0,0,0,0,0,0, -144841,  -16110,  -10802,    4863,   -2913,  -17478,   -1229,     149,  -14884,   -2423,    -923,  -99097, -146357, -145948,    1516,    1107,100.0,5.0,11.3,5.0,28.2,11.1,21.2,4.9,11.0,11.4,3.0,26.5,91.2,95.9,8.8,4.1,100.0,5.0,11.3,5.0,28.2,11.1,21.2,4.9,11.0,11.4,3.0,26.5,91.2,95.9,8.8,4.1,100.0,0.0,0.0,0.0,0.0,0.0,0.0,0.0,0.0,0.0,0.0,0.0,0.0,0.0,0.0,0.0,333,     17,     20,     21,     25,     37,     96,     21,     64,    101,     44,     69,295,    221,333,     17,     20,     21,     25,     37,     96,     21,     64,    101,     44,     69,    295,    221,      0,      0,      0,      0,      0,      0,      0,      0,      0,      0,      0,      0,      0,      0,19.4,26.6,29.2,39.8,9.9,17.2,14.8,25.3,19.4,26.6,29.2,39.8,9.9,17.2,14.8,25.3,0.0,0.0,0.0,0.0,0.0,0.0,0.0,0.0,(CONTRACTS OF 100 TROY OUNCES),088691,CMX ,88,N20,Combined
GOLD - COMMODITY EXCHANGE INC.,250520,2025-05-20,088691,CMX ,1,88,861067,52029,91574,30898,204582,97209,153263,34648,93443,83854,22530,288992,799688,832978,61379,28090,861067,52029,91574,30898,204582,97209,153263,34648,93443,83854,22530,288992,799688,832978,61379,28090,0,0,0,0,0,0,0,0,0,0,0,0,0,0,0,0,   28651,    3872,     566,    -156,    9795,    2690,    5009,   -2733,   10311,   -7150,   -3328,   11904,   26479,   29205,    2172,    -553,100.0,6.0,10.6,3.6,23.8,11.3,17.8,4.0,10.9,9.7,2.6,33.6,92.9,96.7,7.1,3.3,100.0,6.0,10.6,3.6,23.8,11.3,17.8,4.0,10.9,9.7,2.6,33.6,92.9,96.7,7.1,3.3,100.0,0.0,0.0,0.0,0.0,0.0,0.0,0.0,0.0,0.0,0.0,0.0,0.0,0.0,0.0,0.0,360,     17,     19,     20,     22,     35,    103,     23,     70,    114,     54,     83,322,    239,360,     17,     19,     20,     22,     35,    103,     23,     70,    114,     54,     83,    322,    239,      0,      0,      0,      0,      0,      0,      0,      0,      0,      0,      0,      0,      0,      0,21.8,27.1,32.1,40.2,8.1,14.5,12.3,21.5,21.8,27.1,32.1,40.2,8.1,14.5,12.3,21.5,0.0,0.0,0.0,0.0,0.0,0.0,0.0,0.0,(CONTRACTS OF 100 TROY OUNCES),088691,CMX ,88,N20,Combined
GOLD - COMMODITY EXCHANGE INC.,250513,2025-05-13,088691,CMX ,1,88,832416,48157,91008,31054,194787,94519,148255,37381,83132,91004,25858,277088,773209,803773,59207,28643,832416,48157,91008,31054,194787,94519,148255,37381,83132,91004,25858,277088,773209,803773,59207,28643,0,0,0,0,0,0,0,0,0,0,0,0,0,0,0,0,  -70379,   -2549,   -5850,   -1186,   -2276,   -1781,     704,    2138,  -29582,   -5221,   -1560,  -28284,  -67899,  -67194,   -2480,   -3186,100.0,5.8,10.9,3.7,23.4,11.4,17.8,4.5,10.0,10.9,3.1,33.3,92.9,96.6,7.1,3.4,100.0,5.8,10.9,3.7,23.4,11.4,17.8,4.5,10.0,10.9,3.1,33.3,92.9,96.6,7.1,3.4,100.0,0.0,0.0,0.0,0.0,0.0,0.0,0.0,0.0,0.0,0.0,0.0,0.0,0.0,0.0,0.0,368,     16,     19,     21,     22,     37,    100,     24,     66,    117,     59,     84,321,    246,368,     16,     19,     21,     22,     37,    100,     24,     66,    117,     59,     84,    321,    246,      0,      0,      0,      0,      0,      0,      0,      0,      0,      0,      0,      0,      0,      0,21.6,27.0,31.8,40.2,8.3,14.8,12.5,22.0,21.6,27.0,31.8,40.2,8.3,14.8,12.5,22.0,0.0,0.0,0.0,0.0,0.0,0.0,0.0,0.0,(CONTRACTS OF 100 TROY OUNCES),088691,CMX ,88,N20,Combined
GOLD - COMMODITY EXCHANGE INC.,250506,2025-05-06,088691,CMX ,1,88,902795,50707,96858,32240,197063,96299,147550,35243,112714,96225,27418,305372,841108,870967,61688,31829,902795,50707,96858,32240,197063,96299,147550,35243,112714,96225,27418,305372,841108,870967,61688,31829,0,0,0,0,0,0,0,0,0,0,0,0,0,0,0,0,   40197,    1913,    2459,    1443,    2139,   -1319,   -7706,   -4148,   12323,    2143,    -651,   28146,   36944,   38950,    3253,    1247,100.0,5.6,10.7,3.6,21.8,10.7,16.3,3.9,12.5,10.7,3.0,33.8,93.2,96.5,6.8,3.5,100.0,5.6,10.7,3.6,21.8,10.7,16.3,3.9,12.5,10.7,3.0,33.8,93.2,96.5,6.8,3.5,100.0,0.0,0.0,0.0,0.0,0.0,0.0,0.0,0.0,0.0,0.0,0.0,0.0,0.0,0.0,0.0,381,     15,     19,     24,     26,     41,    102,     27,     69,    114,     63,     84,334,    252,381,     15,     19,     24,     26,     41,    102,     27,     69,    114,     63,     84,    334,    252,      0,      0,      0,      0,      0,      0,      0,      0,      0,      0,      0,      0,      0,      0,21.9,27.0,33.5,40.3,7.4,13.7,11.3,20.9,21.9,27.0,33.5,40.3,7.4,13.7,11.3,20.9,0.0,0.0,0.0,0.0,0.0,0.0,0.0,0.0,(CONTRACTS OF 100 TROY OUNCES),088691,CMX ,88,N20,Combined
GOLD - COMMODITY EXCHANGE INC.,250429,2025-04-29,088691,CMX ,1,88,862598,48794,94399,30798,194924,97618,155256,39391,100390,94082,28069,277226,804164,832017,58434,30582,862598,48794,94399,30798,194924,97618,155256,39391,100390,94082,28069,277226,804164,832017,58434,30582,0,0,0,0,0,0,0,0,0,0,0,0,0,0,0,0, -116333,   -1285,   -2481,   -1493,  -11690,  -12442,   -9180,     677,  -25838,   -5218,   -1685,  -57600, -113055, -111057,   -3278,   -5277,100.0,5.7,10.9,3.6,22.6,11.3,18.0,4.6,11.6,10.9,3.3,32.1,93.2,96.5,6.8,3.5,100.0,5.7,10.9,3.6,22.6,11.3,18.0,4.6,11.6,10.9,3.3,32.1,93.2,96.5,6.8,3.5,100.0,0.0,0.0,0.0,0.0,0.0,0.0,0.0,0.0,0.0,0.0,0.0,0.0,0.0,0.0,0.0,362,     15,     19,     20,     26,     34,    101,     31,     68,    100,     58,     77,316,    236,362,     15,     19,     20,     26,     34,    101,     31,     68,    100,     58,     77,    316,    236,      0,      0,      0,      0,      0,      0,      0,      0,      0,      0,      0,      0,      0,      0,21.3,26.5,32.8,39.8,7.8,13.5,11.9,21.7,21.3,26.5,32.8,39.8,7.8,13.5,11.9,21.7,0.0,0.0,0.0,0.0,0.0,0.0,0.0,0.0,(CONTRACTS OF 100 TROY OUNCES),088691,CMX ,88,N20,Combined
GOLD - COMMODITY EXCHANGE INC.,250422,2025-04-22,088691,CMX ,1,88,978932,50079,96879,32291,206614,110060,164436,38714,126228,99300,29753,334826,917219,943074,61713,35858,978932,50079,96879,32291,206614,110060,164436,38714,126228,99300,29753,334826,917219,943074,61713,35858,0,0,0,0,0,0,0,0,0,0,0,0,0,0,0,0,   94003,    7873,    2665,    6902,  -13035,   22001,  -10787,     409,   20514,   -8413,    1522,   53411,   91501,   87486,    2503,    6517,100.0,5.1,9.9,3.3,21.1,11.2,16.8,4.0,12.9,10.1,3.0,34.2,93.7,96.3,6.3,3.7,100.0,5.1,9.9,3.3,21.1,11.2,16.8,4.0,12.9,10.1,3.0,34.2,93.7,96.3,6.3,3.7,100.0,0.0,0.0,0.0,0.0,0.0,0.0,0.0,0.0,0.0,0.0,0.0,0.0,0.0,0.0,0.0,383,     16,     19,     20,     27,     37,    110,     29,     67,    112,     60,     89,338,    250,383,     16,     19,     20,     27,     37,    110,     29,     67,    112,     60,     89,    338,    250,      0,      0,      0,      0,      0,      0,      0,      0,      0,      0,      0,      0,      0,      0,21.8,26.1,33.4,38.7,7.0,12.3,10.9,19.8,21.8,26.1,33.4,38.7,7.0,12.3,10.9,19.8,0.0,0.0,0.0,0.0,0.0,0.0,0.0,0.0,(CONTRACTS OF 100 TROY OUNCES),088691,CMX ,88,N20,Combined
GOLD - COMMODITY EXCHANGE INC.,250415,2025-04-15,088691,CMX ,1,88,884929,42205,94214,25389,219649,88058,175224,38305,105714,107713,28231,281415,825718,855588,59210,29341,884929,42205,94214,25389,219649,88058,175224,38305,105714,107713,28231,281415,825718,855588,59210,29341,0,0,0,0,0,0,0,0,0,0,0,0,0,0,0,0,  109192,    5947,    6690,   -3221,    6887,   16737,   -5810,   -4262,   22028,   19730,    4884,   52527,  107939,  105492,    1253,    3701,100.0,4.8,10.6,2.9,24.8,10.0,19.8,4.3,11.9,12.2,3.2,31.8,93.3,96.7,6.7,3.3,100.0,4.8,10.6,2.9,24.8,10.0,19.8,4.3,11.9,12.2,3.2,31.8,93.3,96.7,6.7,3.3,100.0,0.0,0.0,0.0,0.0,0.0,0.0,0.0,0.0,0.0,0.0,0.0,0.0,0.0,0.0,0.0,361,     14,     20,     19,     29,     37,    110,     23,     67,     99,     54,     73,320,    229,361,     14,     20,     19,     29,     37,    110,     23,     67,     99,     54,     73,    320,    229,      0,      0,      0,      0,      0,      0,      0,      0,      0,      0,      0,      0,      0,      0,20.5,25.8,32.0,38.8,9.3,14.4,13.6,23.0,20.5,25.8,32.0,38.8,9.3,14.4,13.6,23.0,0.0,0.0,0.0,0.0,0.0,0.0,0.0,0.0,(CONTRACTS OF 100 TROY OUNCES),088691,CMX ,88,N20,Combined
GOLD - COMMODITY EXCHANGE INC.,250408,2025-04-08,088691,CMX ,1,88,775736,36258,87524,28610,212762,71321,181033,42568,83686,87983,23347,228888,717779,750096,57957,25640,775736,36258,87524,28610,212762,71321,181033,42568,83686,87983,23347,228888,717779,750096,57957,25640,0,0,0,0,0,0,0,0,0,0,0,0,0,0,0,0,  -75700,    -835,  -10716,    5719,  -25823,   -4746,  -35315,    2772,  -22009,  -20002,  -10309,    2254,  -74934,  -68577,    -766,   -7123,100.0,4.7,11.3,3.7,27.4,9.2,23.3,5.5,10.8,11.3,3.0,29.5,92.5,96.7,7.5,3.3,100.0,4.7,11.3,3.7,27.4,9.2,23.3,5.5,10.8,11.3,3.0,29.5,92.5,96.7,7.5,3.3,100.0,0.0,0.0,0.0,0.0,0.0,0.0,0.0,0.0,0.0,0.0,0.0,0.0,0.0,0.0,0.0,355,     14,     18,     22,     22,     35,    110,     25,     73,    106,     46,     81,321,    234,355,     14,     18,     22,     22,     35,    110,     25,     73,    106,     46,     81,    321,    234,      0,      0,      0,      0,      0,      0,      0,      0,      0,      0,      0,      0,      0,      0,19.5,25.1,29.8,38.6,9.7,15.8,14.2,25.7,19.5,25.1,29.8,38.6,9.7,15.8,14.2,25.7,0.0,0.0,0.0,0.0,0.0,0.0,0.0,0.0,(CONTRACTS OF 100 TROY OUNCES),088691,CMX ,88,N20,Combined
GOLD - COMMODITY EXCHANGE INC.,250401,2025-04-01,088691,CMX ,1,88,851437,37094,98240,22891,238585,76067,216348,39795,105695,107985,33656,226634,792714,818673,58723,32764,851437,37094,98240,22891,238585,76067,216348,39795,105695,107985,33656,226634,792714,818673,58723,32764,0,0,0,0,0,0,0,0,0,0,0,0,0,0,0,0,   24835,   -3180,   -1318,    9923,   -1875,  -25542,  -10357,    5777,   25002,    9966,    1535,   20507,   26320,   24086,   -1485,     749,100.0,4.4,11.5,2.7,28.0,8.9,25.4,4.7,12.4,12.7,4.0,26.6,93.1,96.2,6.9,3.8,100.0,4.4,11.5,2.7,28.0,8.9,25.4,4.7,12.4,12.7,4.0,26.6,93.1,96.2,6.9,3.8,100.0,0.0,0.0,0.0,0.0,0.0,0.0,0.0,0.0,0.0,0.0,0.0,0.0,0.0,0.0,0.0,369,     13,     20,     13,     27,     29,    112,     29,     64,     99,     63,     82,317,    237,369,     13,     20,     13,     27,     29,    112,     29,     64,     99,     63,     82,    317,    237,      0,      0,      0,      0,      0,      0,      0,      0,      0,      0,      0,      0,      0,      0,18.5,24.5,30.0,36.7,10.5,15.2,15.4,24.1,18.5,24.5,30.0,36.7,10.5,15.2,15.4,24.1,0.0,0.0,0.0,0.0,0.0,0.0,0.0,0.0,(CONTRACTS OF 100 TROY OUNCES),088691,CMX ,88,N20,Combined
GOLD - COMMODITY EXCHANGE INC.,250325,2025-03-25,088691,CMX ,1,88,826602,40273,99558,12968,240461,101610,226705,34018,80693,98019,32121,206127,766394,794586,60208,32015,826602,40273,99558,12968,240461,101610,226705,34018,80693,98019,32121,206127,766394,794586,60208,32015,0,0,0,0,0,0,0,0,0,0,0,0,0,0,0,0,  -43432,   -9417,  -11039,    -590,   -6613,    4087,   -8705,   -1234,  -14495,   -1913,     599,  -12095,  -43128,  -40790,    -304,   -2641,100.0,4.9,12.0,1.6,29.1,12.3,27.4,4.1,9.8,11.9,3.9,24.9,92.7,96.1,7.3,3.9,100.0,4.9,12.0,1.6,29.1,12.3,27.4,4.1,9.8,11.9,3.9,24.9,92.7,96.1,7.3,3.9,100.0,0.0,0.0,0.0,0.0,0.0,0.0,0.0,0.0,0.0,0.0,0.0,0.0,0.0,0.0,0.0,358,     13,     18,     14,     29,     36,    116,     20,     65,     96,     59,     79,317,    231,358,     13,     18,     14,     29,     36,    116,     20,     65,     96,     59,     79,    317,    231,      0,      0,      0,      0,      0,      0,      0,      0,      0,      0,      0,      0,      0,      0,18.6,24.9,28.8,38.3,10.3,16.5,15.8,25.2,18.6,24.9,28.8,38.3,10.3,16.5,15.8,25.2,0.0,0.0,0.0,0.0,0.0,0.0,0.0,0.0,(CONTRACTS OF 100 TROY OUNCES),088691,CMX ,88,N20,Combined
GOLD - COMMODITY EXCHANGE INC.,250318,2025-03-18,088691,CMX ,1,88,870033,49690,110597,13557,247074,97523,235409,35252,95187,99932,31522,218222,809522,835376,60512,34657,870033,49690,110597,13557,247074,97523,235409,35252,95187,99932,31522,218222,809522,835376,60512,34657,0,0,0,0,0,0,0,0,0,0,0,0,0,0,0,0,   90763,    3663,   10497,   -2230,   13424,   18099,   19783,    1775,    3745,   11919,    3389,   35438,   90417,   86369,     346,    4395,100.0,5.7,12.7,1.6,28.4,11.2,27.1,4.1,10.9,11.5,3.6,25.1,93.0,96.0,7.0,4.0,100.0,5.7,12.7,1.6,28.4,11.2,27.1,4.1,10.9,11.5,3.6,25.1,93.0,96.0,7.0,4.0,100.0,0.0,0.0,0.0,0.0,0.0,0.0,0.0,0.0,0.0,0.0,0.0,0.0,0.0,0.0,0.0,362,     12,     18,     15,     28,     35,    116,     20,     64,     97,     63,     81,324,    227,362,     12,     18,     15,     28,     35,    116,     20,     64,     97,     63,     81,    324,    227,      0,      0,      0,      0,      0,      0,      0,      0,      0,      0,      0,      0,      0,      0,19.6,25.2,30.0,39.6,10.1,15.9,15.5,24.7,19.6,25.2,30.0,39.6,10.1,15.9,15.5,24.7,0.0,0.0,0.0,0.0,0.0,0.0,0.0,0.0,(CONTRACTS OF 100 TROY OUNCES),088691,CMX ,88,N20,Combined
GOLD - COMMODITY EXCHANGE INC.,250311,2025-03-11,088691,CMX ,1,88,779270,46027,100100,15787,233650,79424,215627,33476,91442,88014,28132,182784,719105,749008,60166,30262,779270,46027,100100,15787,233650,79424,215627,33476,91442,88014,28132,182784,719105,749008,60166,30262,0,0,0,0,0,0,0,0,0,0,0,0,0,0,0,0,   22971,    -382,   -1682,    2181,   -1990,   17823,   -1429,   -1016,    6497,   -6900,    -344,    1515,   19307,   20805,    3664,    2165,100.0,5.9,12.8,2.0,30.0,10.2,27.7,4.3,11.7,11.3,3.6,23.5,92.3,96.1,7.7,3.9,100.0,5.9,12.8,2.0,30.0,10.2,27.7,4.3,11.7,11.3,3.6,23.5,92.3,96.1,7.7,3.9,100.0,0.0,0.0,0.0,0.0,0.0,0.0,0.0,0.0,0.0,0.0,0.0,0.0,0.0,0.0,0.0,336,     13,     15,     15,     27,     35,    108,     21,     65,     91,     51,     74,301,    217,336,     13,     15,     15,     27,     35,    108,     21,     65,     91,     51,     74,    301,    217,      0,      0,      0,      0,      0,      0,      0,      0,      0,      0,      0,      0,      0,      0,19.6,26.2,31.5,40.9,11.3,17.4,17.0,26.3,19.6,26.2,31.5,40.9,11.3,17.4,17.0,26.3,0.0,0.0,0.0,0.0,0.0,0.0,0.0,0.0,(CONTRACTS OF 100 TROY OUNCES),088691,CMX ,88,N20,Combined
GOLD - COMMODITY EXCHANGE INC.,250304,2025-03-04,088691,CMX ,1,88,756299,46409,101781,13606,235639,61601,217056,34492,84944,94913,28476,181269,699798,728203,56502,28097,756299,46409,101781,13606,235639,61601,217056,34492,84944,94913,28476,181269,699798,728203,56502,28097,0,0,0,0,0,0,0,0,0,0,0,0,0,0,0,0,  -16748,    1012,    -861,    1480,  -14490,   -8661,   -6399,    5394,   -5659,   -6562,      86,    7257,  -17533,  -16935,     785,     188,100.0,6.1,13.5,1.8,31.2,8.1,28.7,4.6,11.2,12.5,3.8,24.0,92.5,96.3,7.5,3.7,100.0,6.1,13.5,1.8,31.2,8.1,28.7,4.6,11.2,12.5,3.8,24.0,92.5,96.3,7.5,3.7,100.0,0.0,0.0,0.0,0.0,0.0,0.0,0.0,0.0,0.0,0.0,0.0,0.0,0.0,0.0,0.0,325,     14,     14,     14,     28,     34,    101,     20,     61,     90,     51,     73,295,    207,325,     14,     14,     14,     28,     34,    101,     20,     61,     90,     51,     73,    295,    207,      0,      0,      0,      0,      0,      0,      0,      0,      0,      0,      0,      0,      0,      0,19.7,27.7,31.3,41.9,11.7,18.7,17.7,27.9,19.7,27.7,31.3,41.9,11.7,18.7,17.7,27.9,0.0,0.0,0.0,0.0,0.0,0.0,0.0,0.0,(CONTRACTS OF 100 TROY OUNCES),088691,CMX ,88,N20,Combined
GOLD - COMMODITY EXCHANGE INC.,250225,2025-02-25,088691,CMX ,1,88,773047,45397,102642,12126,250130,70262,223455,29098,90604,101475,28391,174012,717331,745138,55716,27909,773047,45397,102642,12126,250130,70262,223455,29098,90604,101475,28391,174012,717331,745138,55716,27909,0,0,0,0,0,0,0,0,0,0,0,0,0,0,0,0,  -98091,   -4266,   -5193,   -2546,   -7804,  -20330,   -8310,    -706,   -8859,   -1004,   -1275,  -50065,  -95380,  -94231,   -2710,   -3859,100.0,5.9,13.3,1.6,32.4,9.1,28.9,3.8,11.7,13.1,3.7,22.5,92.8,96.4,7.2,3.6,100.0,5.9,13.3,1.6,32.4,9.1,28.9,3.8,11.7,13.1,3.7,22.5,92.8,96.4,7.2,3.6,100.0,0.0,0.0,0.0,0.0,0.0,0.0,0.0,0.0,0.0,0.0,0.0,0.0,0.0,0.0,0.0,331,     14,     15,     13,     30,     35,    103,     20,     66,     92,     50,     69,293,    216,331,     14,     15,     13,     30,     35,    103,     20,     66,     92,     50,     69,    293,    216,      0,      0,      0,      0,      0,      0,      0,      0,      0,      0,      0,      0,      0,      0,19.4,26.5,30.8,42.1,11.5,18.5,17.4,28.3,19.4,26.5,30.8,42.1,11.5,18.5,17.4,28.3,0.0,0.0,0.0,0.0,0.0,0.0,0.0,0.0,(CONTRACTS OF 100 TROY OUNCES),088691,CMX ,88,N20,Combined
GOLD - COMMODITY EXCHANGE INC.,250218,2025-02-18,088691,CMX ,1,88,871137,49662,107835,14673,257934,90592,231765,29803,99463,102479,29665,224077,812711,839369,58427,31769,871137,49662,107835,14673,257934,90592,231765,29803,99463,102479,29665,224077,812711,839369,58427,31769,0,0,0,0,0,0,0,0,0,0,0,0,0,0,0,0,    3628,    2571,     425,   -2847,  -17397,    2944,  -11641,    1964,    1453,   -5156,      96,   14500,    1826,    3986,    1802,    -358,100.0,5.7,12.4,1.7,29.6,10.4,26.6,3.4,11.4,11.8,3.4,25.7,93.3,96.4,6.7,3.6,100.0,5.7,12.4,1.7,29.6,10.4,26.6,3.4,11.4,11.8,3.4,25.7,93.3,96.4,6.7,3.6,100.0,0.0,0.0,0.0,0.0,0.0,0.0,0.0,0.0,0.0,0.0,0.0,0.0,0.0,0.0,0.0,350,     14,     15,     15,     32,     40,    106,     21,     68,     91,     62,     79,315,    231,350,     14,     15,     15,     32,     40,    106,     21,     68,     91,     62,     79,    315,    231,      0,      0,      0,      0,      0,      0,      0,      0,      0,      0,      0,      0,      0,      0,20.3,26.9,31.4,42.6,10.5,16.9,16.1,26.1,20.3,26.9,31.4,42.6,10.5,16.9,16.1,26.1,0.0,0.0,0.0,0.0,0.0,0.0,0.0,0.0,(CONTRACTS OF 100 TROY OUNCES),088691,CMX ,88,N20,Combined
GOLD - COMMODITY EXCHANGE INC.,250211,2025-02-11,088691,CMX ,1,88,867510,47091,107410,17519,275330,87647,243406,27839,98010,107635,29570,209577,810885,835383,56624,32126,867510,47091,107410,17519,275330,87647,243406,27839,98010,107635,29570,209577,810885,835383,56624,32126,0,0,0,0,0,0,0,0,0,0,0,0,0,0,0,0,   30312,    4490,    1295,   -3038,  -17020,    5282,  -11624,    3036,    5565,   -2360,    -496,   31100,   29415,   28763,     896,    1549,100.0,5.4,12.4,2.0,31.7,10.1,28.1,3.2,11.3,12.4,3.4,24.2,93.5,96.3,6.5,3.7,100.0,5.4,12.4,2.0,31.7,10.1,28.1,3.2,11.3,12.4,3.4,24.2,93.5,96.3,6.5,3.7,100.0,0.0,0.0,0.0,0.0,0.0,0.0,0.0,0.0,0.0,0.0,0.0,0.0,0.0,0.0,0.0,345,     13,     15,     13,     33,     37,    105,     23,     68,     87,     62,     72,307,    223,345,     13,     15,     13,     33,     37,    105,     23,     68,     87,     62,     72,    307,    223,      0,      0,      0,      0,      0,      0,      0,      0,      0,      0,      0,      0,      0,      0,20.5,27.0,31.4,43.1,11.5,17.2,17.2,27.7,20.5,27.0,31.4,43.1,11.5,17.2,17.2,27.7,0.0,0.0,0.0,0.0,0.0,0.0,0.0,0.0,(CONTRACTS OF 100 TROY OUNCES),088691,CMX ,88,N20,Combined
GOLD - COMMODITY EXCHANGE INC.,250204,2025-02-04,088691,CMX ,1,88,837198,42601,106115,20557,292350,82365,255030,24804,92445,109995,30066,178477,781470,806621,55728,30577,837198,42601,106115,20557,292350,82365,255030,24804,92445,109995,30066,178477,781470,806621,55728,30577,0,0,0,0,0,0,0,0,0,0,0,0,0,0,0,0,   31945,    3040,  -14272,   -8726,   13044,  -15084,   12202,   12568,   -2245,    6080,    1714,   35705,   30971,   31429,     974,     516,100.0,5.1,12.7,2.5,34.9,9.8,30.5,3.0,11.0,13.1,3.6,21.3,93.3,96.3,6.7,3.7,100.0,5.1,12.7,2.5,34.9,9.8,30.5,3.0,11.0,13.1,3.6,21.3,93.3,96.3,6.7,3.7,100.0,0.0,0.0,0.0,0.0,0.0,0.0,0.0,0.0,0.0,0.0,0.0,0.0,0.0,0.0,0.0,342,     13,     14,     15,     33,     38,    113,     17,     67,     88,     55,     64,307,    212,342,     13,     14,     15,     33,     38,    113,     17,     67,     88,     55,     64,    307,    212,      0,      0,      0,      0,      0,      0,      0,      0,      0,      0,      0,      0,      0,      0,19.0,29.5,29.4,44.9,11.8,21.2,17.7,31.3,19.0,29.5,29.4,44.9,11.8,21.2,17.7,31.3,0.0,0.0,0.0,0.0,0.0,0.0,0.0,0.0,(CONTRACTS OF 100 TROY OUNCES),088691,CMX ,88,N20,Combined
GOLD - COMMODITY EXCHANGE INC.,250128,2025-01-28,088691,CMX ,1,88,805253,39561,120387,29284,279306,97449,242828,12236,94690,103914,28352,142771,750498,775191,54754,30062,805253,39561,120387,29284,279306,97449,242828,12236,94690,103914,28352,142771,750498,775191,54754,30062,0,0,0,0,0,0,0,0,0,0,0,0,0,0,0,0,  -39882,   -1407,    -369,    -428,     198,    6731,    2910,    6676,  -10946,    3086,   -3627,  -37599,  -37652,  -38936,   -2229,    -945,100.0,4.9,15.0,3.6,34.7,12.1,30.2,1.5,11.8,12.9,3.5,17.7,93.2,96.3,6.8,3.7,100.0,4.9,15.0,3.6,34.7,12.1,30.2,1.5,11.8,12.9,3.5,17.7,93.2,96.3,6.8,3.7,100.0,0.0,0.0,0.0,0.0,0.0,0.0,0.0,0.0,0.0,0.0,0.0,0.0,0.0,0.0,0.0,327,     13,     17,     13,     30,     36,    111,     16,     65,     85,     50,     63,293,    208,327,     13,     17,     13,     30,     36,    111,     16,     65,     85,     50,     63,    293,    208,      0,      0,      0,      0,      0,      0,      0,      0,      0,      0,      0,      0,      0,      0,17.7,30.7,27.1,45.2,11.9,23.6,17.8,32.4,17.7,30.7,27.1,45.2,11.9,23.6,17.8,32.4,0.0,0.0,0.0,0.0,0.0,0.0,0.0,0.0,(CONTRACTS OF 100 TROY OUNCES),088691,CMX ,88,N20,Combined
GOLD - COMMODITY EXCHANGE INC.,250121,2025-01-21,088691,CMX ,1,88,845135,40969,120756,29712,279108,90718,239918,5560,105636,100828,31979,180370,788151,814128,56984,31007,845135,40969,120756,29712,279108,90718,239918,5560,105636,100828,31979,180370,788151,814128,56984,31007,0,0,0,0,0,0,0,0,0,0,0,0,0,0,0,0,   88158,    1519,    8702,    -362,   19533,    9217,   18304,   -3560,   27174,    7868,    4789,   21454,   85174,   87309,    2984,     849,100.0,4.8,14.3,3.5,33.0,10.7,28.4,0.7,12.5,11.9,3.8,21.3,93.3,96.3,6.7,3.7,100.0,4.8,14.3,3.5,33.0,10.7,28.4,0.7,12.5,11.9,3.8,21.3,93.3,96.3,6.7,3.7,100.0,0.0,0.0,0.0,0.0,0.0,0.0,0.0,0.0,0.0,0.0,0.0,0.0,0.0,0.0,0.0,343,     13,     17,     13,     31,     36,    109,     21,     70,     92,     54,     75,309,    224,343,     13,     17,     13,     31,     36,    109,     21,     70,     92,     54,     75,    309,    224,      0,      0,      0,      0,      0,      0,      0,      0,      0,      0,      0,      0,      0,      0,18.1,31.2,27.7,46.0,11.5,23.9,17.0,31.5,18.1,31.2,27.7,46.0,11.5,23.9,17.0,31.5,0.0,0.0,0.0,0.0,0.0,0.0,0.0,0.0,(CONTRACTS OF 100 TROY OUNCES),088691,CMX ,88,N20,Combined
GOLD - COMMODITY EXCHANGE INC.,250114,2025-01-14,088691,CMX ,1,88,756977,39449,112054,30073,259575,81501,221614,9120,78463,92960,27190,158916,702977,726819,54000,30158,756977,39449,112054,30073,259575,81501,221614,9120,78463,92960,27190,158916,702977,726819,54000,30158,0,0,0,0,0,0,0,0,0,0,0,0,0,0,0,0,   66491,   11778,   14444,   -2435,   18532,   24468,   14901,   -3093,   -2138,    3846,   -2092,   14581,   65001,   64701,    1491,    1791,100.0,5.2,14.8,4.0,34.3,10.8,29.3,1.2,10.4,12.3,3.6,21.0,92.9,96.0,7.1,4.0,100.0,5.2,14.8,4.0,34.3,10.8,29.3,1.2,10.4,12.3,3.6,21.0,92.9,96.0,7.1,4.0,100.0,0.0,0.0,0.0,0.0,0.0,0.0,0.0,0.0,0.0,0.0,0.0,0.0,0.0,0.0,0.0,326,     13,     16,     13,     29,     33,    105,     20,     68,     93,     43,     68,290,    214,326,     13,     16,     13,     29,     33,    105,     20,     68,     93,     43,     68,    290,    214,      0,      0,      0,      0,      0,      0,      0,      0,      0,      0,      0,      0,      0,      0,18.0,32.6,27.8,47.8,12.1,25.4,18.2,33.5,18.0,32.6,27.8,47.8,12.1,25.4,18.2,33.5,0.0,0.0,0.0,0.0,0.0,0.0,0.0,0.0,(CONTRACTS OF 100 TROY OUNCES),088691,CMX ,88,N20,Combined
GOLD - COMMODITY EXCHANGE INC.,250107,2025-01-07,088691,CMX ,1,88,690485,27671,97610,32508,241043,57033,206713,12214,80600,89114,29283,144336,637976,662118,52509,28367,690485,27671,97610,32508,241043,57033,206713,12214,80600,89114,29283,144336,637976,662118,52509,28367,0,0,0,0,0,0,0,0,0,0,0,0,0,0,0,0,   31895,     649,   -1315,     764,   11558,    2175,   10777,   -1339,    9957,    1490,    4837,    5859,   31671,   31732,     224,     162,100.0,4.0,14.1,4.7,34.9,8.3,29.9,1.8,11.7,12.9,4.2,20.9,92.4,95.9,7.6,4.1,100.0,4.0,14.1,4.7,34.9,8.3,29.9,1.8,11.7,12.9,4.2,20.9,92.4,95.9,7.6,4.1,100.0,0.0,0.0,0.0,0.0,0.0,0.0,0.0,0.0,0.0,0.0,0.0,0.0,0.0,0.0,0.0,316,     11,     17,     14,     29,     33,    102,     20,     67,     84,     42,     62,277,    209,316,     11,     17,     14,     29,     33,    102,     20,     67,     84,     42,     62,    277,    209,      0,      0,      0,      0,      0,      0,      0,      0,      0,      0,      0,      0,      0,      0,19.5,32.7,30.6,48.7,13.2,26.0,19.2,34.6,19.5,32.7,30.6,48.7,13.2,26.0,19.2,34.6,0.0,0.0,0.0,0.0,0.0,0.0,0.0,0.0,(CONTRACTS OF 100 TROY OUNCES),088691,CMX ,88,N20,Combined
MICRO GOLD - COMMODITY EXCHANGE INC.,250805,2025-08-05,088695,CMX ,1,88,45266,0,0,0,0,0,1694,0,2,11018,14765,5798,18512,20565,26754,24701,45266,0,0,0,0,0,1694,0,2,11018,14765,5798,18512,20565,26754,24701,0,0,0,0,0,0,0,0,0,0,0,0,0,0,0,0,   -8406,       0,       0,       0,       0,       0,     530,       0,       2,    1175,  -13992,   -5726,   -4019,  -19716,   -4387,   11310,100.0,0.0,0.0,0.0,0.0,0.0,3.7,0.0,0.0,24.3,32.6,12.8,40.9,45.4,59.1,54.6,100.0,0.0,0.0,0.0,0.0,0.0,3.7,0.0,0.0,24.3,32.6,12.8,40.9,45.4,59.1,54.6,100.0,0.0,0.0,0.0,0.0,0.0,0.0,0.0,0.0,0.0,0.0,0.0,0.0,0.0,0.0,0.0,31,      0,      0,      0,      0,      0,      4,      0,.,     11,     16,     11,25,     18,31,      0,      0,      0,      0,      0,      4,      0,.,     11,     16,     11,     25,     18,      0,      0,      0,      0,      0,      0,      0,      0,      0,      0,      0,      0,      0,      0,23.1,26.7,30.3,37.9,17.6,22.3,23.7,28.7,23.1,26.7,30.3,37.9,17.6,22.3,23.7,28.7,0.0,0.0,0.0,0.0,0.0,0.0,0.0,0.0,(CONTRACTS OF 10 TROY OUNCES),088695,CMX ,88,N20,Combined
MICRO GOLD - COMMODITY EXCHANGE INC.,250729,2025-07-29,088695,CMX ,1,88,53672,0,0,0,0,0,1164,0,0,9843,28757,11524,22531,40281,31141,13391,53672,0,0,0,0,0,1164,0,0,9843,28757,11524,22531,40281,31141,13391,0,0,0,0,0,0,0,0,0,0,0,0,0,0,0,0,     655,       0,       0,       0,       0,       0,    -813,       0,    -692,   -8975,   10592,    5451,   -5029,   15351,    5683,  -14696,100.0,0.0,0.0,0.0,0.0,0.0,2.2,0.0,0.0,18.3,53.6,21.5,42.0,75.1,58.0,24.9,100.0,0.0,0.0,0.0,0.0,0.0,2.2,0.0,0.0,18.3,53.6,21.5,42.0,75.1,58.0,24.9,100.0,0.0,0.0,0.0,0.0,0.0,0.0,0.0,0.0,0.0,0.0,0.0,0.0,0.0,0.0,0.0,28,      0,      0,      0,      0,      0,.,      0,      0,     11,     14,     13,22,     19,28,      0,      0,      0,      0,      0,.,      0,      0,     11,     14,     13,     22,     19,      0,      0,      0,      0,      0,      0,      0,      0,      0,      0,      0,      0,      0,      0,24.4,54.9,32.9,68.0,12.8,44.0,17.9,51.3,24.4,54.9,32.9,68.0,12.8,44.0,17.9,51.3,0.0,0.0,0.0,0.0,0.0,0.0,0.0,0.0,(CONTRACTS OF 10 TROY OUNCES),088695,CMX ,88,N20,Combined
MICRO GOLD - COMMODITY EXCHANGE INC.,250722,2025-07-22,088695,CMX ,1,88,53017,0,0,0,0,0,1977,0,692,18818,18165,6073,27560,24930,25458,28087,53017,0,0,0,0,0,1977,0,692,18818,18165,6073,27560,24930,25458,28087,0,0,0,0,0,0,0,0,0,0,0,0,0,0,0,0,     374,       0,       0,       0,       0,       0,     446,    -731,     692,    4407,   -8403,    1997,    7542,   -6445,   -7168,    6819,100.0,0.0,0.0,0.0,0.0,0.0,3.7,0.0,1.3,35.5,34.3,11.5,52.0,47.0,48.0,53.0,100.0,0.0,0.0,0.0,0.0,0.0,3.7,0.0,1.3,35.5,34.3,11.5,52.0,47.0,48.0,53.0,100.0,0.0,0.0,0.0,0.0,0.0,0.0,0.0,0.0,0.0,0.0,0.0,0.0,0.0,0.0,0.0,38,      0,      0,      0,      0,      0,      5,      0,.,     13,     19,     10,24,     26,38,      0,      0,      0,      0,      0,      5,      0,.,     13,     19,     10,     24,     26,      0,      0,      0,      0,      0,      0,      0,      0,      0,      0,      0,      0,      0,      0,32.4,22.2,41.5,34.3,27.7,19.0,34.2,27.2,32.4,22.2,41.5,34.3,27.7,19.0,34.2,27.2,0.0,0.0,0.0,0.0,0.0,0.0,0.0,0.0,(CONTRACTS OF 10 TROY OUNCES),088695,CMX ,88,N20,Combined
MICRO GOLD - COMMODITY EXCHANGE INC.,250715,2025-07-15,088695,CMX ,1,88,52643,0,0,0,0,0,1531,731,0,14411,26568,4076,20018,31375,32626,21268,52643,0,0,0,0,0,1531,731,0,14411,26568,4076,20018,31375,32626,21268,0,0,0,0,0,0,0,0,0,0,0,0,0,0,0,0,    4303,       0,       0,       0,       0,       0,     -57,     211,      -2,    4897,    1732,    1827,    6665,    3768,   -2362,     535,100.0,0.0,0.0,0.0,0.0,0.0,2.9,1.4,0.0,27.4,50.5,7.7,38.0,59.6,62.0,40.4,100.0,0.0,0.0,0.0,0.0,0.0,2.9,1.4,0.0,27.4,50.5,7.7,38.0,59.6,62.0,40.4,100.0,0.0,0.0,0.0,0.0,0.0,0.0,0.0,0.0,0.0,0.0,0.0,0.0,0.0,0.0,0.0,34,      0,      0,      0,      0,      0,      4,.,      0,     12,     16,      9,22,     21,34,      0,      0,      0,      0,      0,      4,.,      0,     12,     16,      9,     22,     21,      0,      0,      0,      0,      0,      0,      0,      0,      0,      0,      0,      0,      0,      0,18.1,39.6,29.1,49.0,17.5,36.3,25.0,44.6,18.1,39.6,29.1,49.0,17.5,36.3,25.0,44.6,0.0,0.0,0.0,0.0,0.0,0.0,0.0,0.0,(CONTRACTS OF 10 TROY OUNCES),088695,CMX ,88,N20,Combined
MICRO GOLD - COMMODITY EXCHANGE INC.,250708,2025-07-08,088695,CMX ,1,88,48340,0,0,0,0,0,1588,520,2,9514,24836,2249,13353,27607,34987,20733,48340,0,0,0,0,0,1588,520,2,9514,24836,2249,13353,27607,34987,20733,0,0,0,0,0,0,0,0,0,0,0,0,0,0,0,0,    3018,       0,       0,       0,       0,       0,     180,    -112,     -14,   -2996,    4706,     892,   -1938,    5472,    4956,   -2454,100.0,0.0,0.0,0.0,0.0,0.0,3.3,1.1,0.0,19.7,51.4,4.7,27.6,57.1,72.4,42.9,100.0,0.0,0.0,0.0,0.0,0.0,3.3,1.1,0.0,19.7,51.4,4.7,27.6,57.1,72.4,42.9,100.0,0.0,0.0,0.0,0.0,0.0,0.0,0.0,0.0,0.0,0.0,0.0,0.0,0.0,0.0,0.0,36,      0,      0,      0,      0,      0,      4,.,.,     14,     16,      9,25,     21,36,      0,      0,      0,      0,      0,      4,.,.,     14,     16,      9,     25,     21,      0,      0,      0,      0,      0,      0,      0,      0,      0,      0,      0,      0,      0,      0,13.0,35.3,18.7,45.2,11.9,33.9,17.0,43.8,13.0,35.3,18.7,45.2,11.9,33.9,17.0,43.8,0.0,0.0,0.0,0.0,0.0,0.0,0.0,0.0,(CONTRACTS OF 10 TROY OUNCES),088695,CMX ,88,N20,Combined
MICRO GOLD - COMMODITY EXCHANGE INC.,250701,2025-07-01,088695,CMX ,1,88,45322,0,0,0,0,0,1408,632,16,12510,20130,1357,15291,22135,30031,23188,45322,0,0,0,0,0,1408,632,16,12510,20130,1357,15291,22135,30031,23188,0,0,0,0,0,0,0,0,0,0,0,0,0,0,0,0,   -1112,       0,       0,       0,       0,       0,      16,    -123,     -26,    3553,   -4372,   -1217,    2326,   -5738,   -3438,    4625,100.0,0.0,0.0,0.0,0.0,0.0,3.1,1.4,0.0,27.6,44.4,3.0,33.7,48.8,66.3,51.2,100.0,0.0,0.0,0.0,0.0,0.0,3.1,1.4,0.0,27.6,44.4,3.0,33.7,48.8,66.3,51.2,100.0,0.0,0.0,0.0,0.0,0.0,0.0,0.0,0.0,0.0,0.0,0.0,0.0,0.0,0.0,0.0,32,      0,      0,      0,      0,      0,      4,.,.,     10,     16,      8,20,     21,32,      0,      0,      0,      0,      0,      4,.,.,     10,     16,      8,     20,     21,      0,      0,      0,      0,      0,      0,      0,      0,      0,      0,      0,      0,      0,      0,22.3,24.9,27.9,36.4,21.6,24.0,27.2,35.5,22.3,24.9,27.9,36.4,21.6,24.0,27.2,35.5,0.0,0.0,0.0,0.0,0.0,0.0,0.0,0.0,(CONTRACTS OF 10 TROY OUNCES),088695,CMX ,88,N20,Combined
MICRO GOLD - COMMODITY EXCHANGE INC.,250624,2025-06-24,088695,CMX ,1,88,46434,0,0,0,0,0,1392,755,42,8957,24501,2574,12965,27872,33469,18562,46434,0,0,0,0,0,1392,755,42,8957,24501,2574,12965,27872,33469,18562,0,0,0,0,0,0,0,0,0,0,0,0,0,0,0,0,    1425,       0,       0,       0,       0,       0,     293,    -697,      42,   -2125,     515,    -230,   -2020,    -369,    3445,    1795,100.0,0.0,0.0,0.0,0.0,0.0,3.0,1.6,0.1,19.3,52.8,5.5,27.9,60.0,72.1,40.0,100.0,0.0,0.0,0.0,0.0,0.0,3.0,1.6,0.1,19.3,52.8,5.5,27.9,60.0,72.1,40.0,100.0,0.0,0.0,0.0,0.0,0.0,0.0,0.0,0.0,0.0,0.0,0.0,0.0,0.0,0.0,0.0,35,      0,      0,      0,      0,      0,      4,.,.,     11,     19,      9,22,     23,35,      0,      0,      0,      0,      0,      4,.,.,     11,     19,      9,     22,     23,      0,      0,      0,      0,      0,      0,      0,      0,      0,      0,      0,      0,      0,      0,16.0,31.2,21.3,44.7,14.4,29.5,19.1,42.4,16.0,31.2,21.3,44.7,14.4,29.5,19.1,42.4,0.0,0.0,0.0,0.0,0.0,0.0,0.0,0.0,(CONTRACTS OF 10 TROY OUNCES),088695,CMX ,88,N20,Combined
MICRO GOLD - COMMODITY EXCHANGE INC.,250617,2025-06-17,088695,CMX ,1,88,45009,0,0,0,0,0,1099,1452,0,11082,23986,2804,14985,28242,30024,16768,45009,0,0,0,0,0,1099,1452,0,11082,23986,2804,14985,28242,30024,16768,0,0,0,0,0,0,0,0,0,0,0,0,0,0,0,0,    1254,       0,       0,       0,       0,       0,     283,     591,       0,   -1213,    2851,    -665,   -1595,    2777,    2849,   -1523,100.0,0.0,0.0,0.0,0.0,0.0,2.4,3.2,0.0,24.6,53.3,6.2,33.3,62.7,66.7,37.3,100.0,0.0,0.0,0.0,0.0,0.0,2.4,3.2,0.0,24.6,53.3,6.2,33.3,62.7,66.7,37.3,100.0,0.0,0.0,0.0,0.0,0.0,0.0,0.0,0.0,0.0,0.0,0.0,0.0,0.0,0.0,0.0,32,      0,      0,      0,      0,      0,.,.,      0,     10,     18,      9,19,     22,32,      0,      0,      0,      0,      0,.,.,      0,     10,     18,      9,     19,     22,      0,      0,      0,      0,      0,      0,      0,      0,      0,      0,      0,      0,      0,      0,20.5,33.1,26.8,47.6,19.6,30.5,24.7,43.8,20.5,33.1,26.8,47.6,19.6,30.5,24.7,43.8,0.0,0.0,0.0,0.0,0.0,0.0,0.0,0.0,(CONTRACTS OF 10 TROY OUNCES),088695,CMX ,88,N20,Combined
MICRO GOLD - COMMODITY EXCHANGE INC.,250610,2025-06-10,088695,CMX ,1,88,43755,0,0,0,0,0,816,861,0,12295,21135,3469,16580,25464,27175,18290,43755,0,0,0,0,0,816,861,0,12295,21135,3469,16580,25464,27175,18290,0,0,0,0,0,0,0,0,0,0,0,0,0,0,0,0,    4655,       0,       0,       0,       0,       0,     228,     136,       0,    2510,    7849,    -697,    2041,    7287,    2614,   -2632,100.0,0.0,0.0,0.0,0.0,0.0,1.9,2.0,0.0,28.1,48.3,7.9,37.9,58.2,62.1,41.8,100.0,0.0,0.0,0.0,0.0,0.0,1.9,2.0,0.0,28.1,48.3,7.9,37.9,58.2,62.1,41.8,100.0,0.0,0.0,0.0,0.0,0.0,0.0,0.0,0.0,0.0,0.0,0.0,0.0,0.0,0.0,0.0,30,      0,      0,      0,      0,      0,.,.,      0,      9,     18,     11,20,     21,30,      0,      0,      0,      0,      0,.,.,      0,      9,     18,     11,     20,     21,      0,      0,      0,      0,      0,      0,      0,      0,      0,      0,      0,      0,      0,      0,25.5,32.6,31.8,45.6,23.5,29.7,28.5,40.3,25.5,32.6,31.8,45.6,23.5,29.7,28.5,40.3,0.0,0.0,0.0,0.0,0.0,0.0,0.0,0.0,(CONTRACTS OF 10 TROY OUNCES),088695,CMX ,88,N20,Combined
MICRO GOLD - COMMODITY EXCHANGE INC.,250603,2025-06-03,088695,CMX ,1,88,39100,0,0,0,0,0,588,725,0,9785,13286,4166,14539,18177,24561,20923,39100,0,0,0,0,0,588,725,0,9785,13286,4166,14539,18177,24561,20923,0,0,0,0,0,0,0,0,0,0,0,0,0,0,0,0,   -9966,       0,       0,       0,       0,       0,    -566,     213,       0,   -6240,  -12621,    -188,   -6994,  -12596,   -2972,    2630,100.0,0.0,0.0,0.0,0.0,0.0,1.5,1.9,0.0,25.0,34.0,10.7,37.2,46.5,62.8,53.5,100.0,0.0,0.0,0.0,0.0,0.0,1.5,1.9,0.0,25.0,34.0,10.7,37.2,46.5,62.8,53.5,100.0,0.0,0.0,0.0,0.0,0.0,0.0,0.0,0.0,0.0,0.0,0.0,0.0,0.0,0.0,0.0,28,      0,      0,      0,      0,      0,.,.,      0,     11,     14,     10,21,     17,28,      0,      0,      0,      0,      0,.,.,      0,     11,     14,     10,     21,     17,      0,      0,      0,      0,      0,      0,      0,      0,      0,      0,      0,      0,      0,      0,21.7,23.1,29.1,36.3,18.4,20.9,24.0,31.3,21.7,23.1,29.1,36.3,18.4,20.9,24.0,31.3,0.0,0.0,0.0,0.0,0.0,0.0,0.0,0.0,(CONTRACTS OF 10 TROY OUNCES),088695,CMX ,88,N20,Combined
MICRO GOLD - COMMODITY EXCHANGE INC.,250527,2025-05-27,088695,CMX ,1,88,49066,0,0,0,0,0,1154,512,0,16025,25907,4354,21533,30773,27533,18293,49066,0,0,0,0,0,1154,512,0,16025,25907,4354,21533,30773,27533,18293,0,0,0,0,0,0,0,0,0,0,0,0,0,0,0,0,      55,       0,       0,       0,       0,       0,     -20,     194,     -25,   -2673,     639,    2441,    -277,    3249,     333,   -3193,100.0,0.0,0.0,0.0,0.0,0.0,2.4,1.0,0.0,32.7,52.8,8.9,43.9,62.7,56.1,37.3,100.0,0.0,0.0,0.0,0.0,0.0,2.4,1.0,0.0,32.7,52.8,8.9,43.9,62.7,56.1,37.3,100.0,0.0,0.0,0.0,0.0,0.0,0.0,0.0,0.0,0.0,0.0,0.0,0.0,0.0,0.0,0.0,29,      0,      0,      0,      0,      0,.,.,      0,     12,     13,      8,18,     19,29,      0,      0,      0,      0,      0,.,.,      0,     12,     13,      8,     18,     19,      0,      0,      0,      0,      0,      0,      0,      0,      0,      0,      0,      0,      0,      0,28.1,43.1,36.2,55.0,24.6,42.0,29.7,50.1,28.1,43.1,36.2,55.0,24.6,42.0,29.7,50.1,0.0,0.0,0.0,0.0,0.0,0.0,0.0,0.0,(CONTRACTS OF 10 TROY OUNCES),088695,CMX ,88,N20,Combined
MICRO GOLD - COMMODITY EXCHANGE INC.,250520,2025-05-20,088695,CMX ,1,88,49010,0,0,0,0,0,1174,318,25,18698,25268,1913,21810,27524,27201,21486,49010,0,0,0,0,0,1174,318,25,18698,25268,1913,21810,27524,27201,21486,0,0,0,0,0,0,0,0,0,0,0,0,0,0,0,0,    6255,       0,       0,       0,       0,       0,    -436,     318,      25,    4574,    3538,     502,    4665,    4383,    1590,    1872,100.0,0.0,0.0,0.0,0.0,0.0,2.4,0.6,0.1,38.2,51.6,3.9,44.5,56.2,55.5,43.8,100.0,0.0,0.0,0.0,0.0,0.0,2.4,0.6,0.1,38.2,51.6,3.9,44.5,56.2,55.5,43.8,100.0,0.0,0.0,0.0,0.0,0.0,0.0,0.0,0.0,0.0,0.0,0.0,0.0,0.0,0.0,0.0,29,      0,      0,      0,      0,      0,.,.,.,     14,     11,      7,20,     17,29,      0,      0,      0,      0,      0,.,.,.,     14,     11,      7,     20,     17,      0,      0,      0,      0,      0,      0,      0,      0,      0,      0,      0,      0,      0,      0,23.7,42.3,34.3,50.9,23.1,41.9,32.6,49.8,23.7,42.3,34.3,50.9,23.1,41.9,32.6,49.8,0.0,0.0,0.0,0.0,0.0,0.0,0.0,0.0,(CONTRACTS OF 10 TROY OUNCES),088695,CMX ,88,N20,Combined
MICRO GOLD - COMMODITY EXCHANGE INC.,250513,2025-05-13,088695,CMX ,1,88,42756,0,0,0,0,0,1610,0,0,14124,21730,1411,17145,23141,25611,19614,42756,0,0,0,0,0,1610,0,0,14124,21730,1411,17145,23141,25611,19614,0,0,0,0,0,0,0,0,0,0,0,0,0,0,0,0,   -3569,       0,       0,    -632,       0,       0,    -540,    -272,     -47,   -2996,    2271,    -215,   -4430,    1736,     861,   -5305,100.0,0.0,0.0,0.0,0.0,0.0,3.8,0.0,0.0,33.0,50.8,3.3,40.1,54.1,59.9,45.9,100.0,0.0,0.0,0.0,0.0,0.0,3.8,0.0,0.0,33.0,50.8,3.3,40.1,54.1,59.9,45.9,100.0,0.0,0.0,0.0,0.0,0.0,0.0,0.0,0.0,0.0,0.0,0.0,0.0,0.0,0.0,0.0,30,      0,      0,      0,      0,      0,.,      0,      0,     15,     11,      8,23,     15,30,      0,      0,      0,      0,      0,.,      0,      0,     15,     11,      8,     23,     15,      0,      0,      0,      0,      0,      0,      0,      0,      0,      0,      0,      0,      0,      0,18.7,41.1,26.9,50.1,18.7,39.7,26.9,48.6,18.7,41.1,26.9,50.1,18.7,39.7,26.9,48.6,0.0,0.0,0.0,0.0,0.0,0.0,0.0,0.0,(CONTRACTS OF 10 TROY OUNCES),088695,CMX ,88,N20,Combined
MICRO GOLD - COMMODITY EXCHANGE INC.,250506,2025-05-06,088695,CMX ,1,88,46325,0,0,632,0,0,2150,272,47,17120,19460,1626,21575,21405,24749,24920,46325,0,0,632,0,0,2150,272,47,17120,19460,1626,21575,21405,24749,24920,0,0,0,0,0,0,0,0,0,0,0,0,0,0,0,0,    2448,       0,       0,     236,       0,       0,      88,     147,     -30,   -1010,   -1060,     280,    -436,    -663,    2884,    3112,100.0,0.0,0.0,1.4,0.0,0.0,4.6,0.6,0.1,37.0,42.0,3.5,46.6,46.2,53.4,53.8,100.0,0.0,0.0,1.4,0.0,0.0,4.6,0.6,0.1,37.0,42.0,3.5,46.6,46.2,53.4,53.8,100.0,0.0,0.0,0.0,0.0,0.0,0.0,0.0,0.0,0.0,0.0,0.0,0.0,0.0,0.0,0.0,30,      0,      0,.,      0,      0,.,.,.,     11,     12,      7,23,     15,30,      0,      0,.,      0,      0,.,.,.,     11,     12,      7,     23,     15,      0,      0,      0,      0,      0,      0,      0,      0,      0,      0,      0,      0,      0,      0,25.8,32.4,35.6,41.8,25.8,30.3,35.6,39.6,25.8,32.4,35.6,41.8,25.8,30.3,35.6,39.6,0.0,0.0,0.0,0.0,0.0,0.0,0.0,0.0,(CONTRACTS OF 10 TROY OUNCES),088695,CMX ,88,N20,Combined
MICRO GOLD - COMMODITY EXCHANGE INC.,250429,2025-04-29,088695,CMX ,1,88,43876,0,0,396,0,0,2062,125,77,18130,20520,1346,22011,22068,21865,21808,43876,0,0,396,0,0,2062,125,77,18130,20520,1346,22011,22068,21865,21808,0,0,0,0,0,0,0,0,0,0,0,0,0,0,0,0,   -2330,       0,       0,       0,       0,       0,    -425,     125,      77,   -1713,    2156,   -1088,   -3149,    1270,     819,   -3600,100.0,0.0,0.0,0.9,0.0,0.0,4.7,0.3,0.2,41.3,46.8,3.1,50.2,50.3,49.8,49.7,100.0,0.0,0.0,0.9,0.0,0.0,4.7,0.3,0.2,41.3,46.8,3.1,50.2,50.3,49.8,49.7,100.0,0.0,0.0,0.0,0.0,0.0,0.0,0.0,0.0,0.0,0.0,0.0,0.0,0.0,0.0,0.0,29,      0,      0,.,      0,      0,.,.,.,     11,     13,      6,20,     16,29,      0,      0,.,      0,      0,.,.,.,     11,     13,      6,     20,     16,      0,      0,      0,      0,      0,      0,      0,      0,      0,      0,      0,      0,      0,      0,29.7,36.0,39.6,45.5,29.2,33.8,39.2,43.1,29.7,36.0,39.6,45.5,29.2,33.8,39.2,43.1,0.0,0.0,0.0,0.0,0.0,0.0,0.0,0.0,(CONTRACTS OF 10 TROY OUNCES),088695,CMX ,88,N20,Combined
MICRO GOLD - COMMODITY EXCHANGE INC.,250422,2025-04-22,088695,CMX ,1,88,46206,0,0,396,0,0,2487,0,0,19843,18364,2434,25160,20798,21046,25408,46206,0,0,396,0,0,2487,0,0,19843,18364,2434,25160,20798,21046,25408,0,0,0,0,0,0,0,0,0,0,0,0,0,0,0,0,    7247,       0,       0,       0,       0,       0,     775,       0,       0,    4338,    2776,     257,    5370,    3033,    1877,    4214,100.0,0.0,0.0,0.9,0.0,0.0,5.4,0.0,0.0,42.9,39.7,5.3,54.5,45.0,45.5,55.0,100.0,0.0,0.0,0.9,0.0,0.0,5.4,0.0,0.0,42.9,39.7,5.3,54.5,45.0,45.5,55.0,100.0,0.0,0.0,0.0,0.0,0.0,0.0,0.0,0.0,0.0,0.0,0.0,0.0,0.0,0.0,0.0,33,      0,      0,.,      0,      0,      4,      0,      0,     15,     13,      7,25,     15,33,      0,      0,.,      0,      0,      4,      0,      0,     15,     13,      7,     25,     15,      0,      0,      0,      0,      0,      0,      0,      0,      0,      0,      0,      0,      0,      0,30.4,28.6,39.8,40.9,30.0,25.2,38.5,36.6,30.4,28.6,39.8,40.9,30.0,25.2,38.5,36.6,0.0,0.0,0.0,0.0,0.0,0.0,0.0,0.0,(CONTRACTS OF 10 TROY OUNCES),088695,CMX ,88,N20,Combined
MICRO GOLD - COMMODITY EXCHANGE INC.,250415,2025-04-15,088695,CMX ,1,88,38960,0,0,396,0,0,1712,0,0,15505,15588,2177,19790,17765,19170,21195,38960,0,0,396,0,0,1712,0,0,15505,15588,2177,19790,17765,19170,21195,0,0,0,0,0,0,0,0,0,0,0,0,0,0,0,0,    1054,       0,       0,     396,       0,       0,    -421,       0,       0,    4681,    -237,   -2440,    2216,   -2677,   -1162,    3731,100.0,0.0,0.0,1.0,0.0,0.0,4.4,0.0,0.0,39.8,40.0,5.6,50.8,45.6,49.2,54.4,100.0,0.0,0.0,1.0,0.0,0.0,4.4,0.0,0.0,39.8,40.0,5.6,50.8,45.6,49.2,54.4,100.0,0.0,0.0,0.0,0.0,0.0,0.0,0.0,0.0,0.0,0.0,0.0,0.0,0.0,0.0,0.0,33,      0,      0,.,      0,      0,.,      0,      0,     16,     13,      5,23,     15,33,      0,      0,.,      0,      0,.,      0,      0,     16,     13,      5,     23,     15,      0,      0,      0,      0,      0,      0,      0,      0,      0,      0,      0,      0,      0,      0,23.1,27.8,35.5,40.4,22.6,24.0,34.2,35.9,23.1,27.8,35.5,40.4,22.6,24.0,34.2,35.9,0.0,0.0,0.0,0.0,0.0,0.0,0.0,0.0,(CONTRACTS OF 10 TROY OUNCES),088695,CMX ,88,N20,Combined
MICRO GOLD - COMMODITY EXCHANGE INC.,250408,2025-04-08,088695,CMX ,1,88,37906,0,0,0,0,0,2133,0,0,10824,15825,4617,17574,20442,20332,17464,37906,0,0,0,0,0,2133,0,0,10824,15825,4617,17574,20442,20332,17464,0,0,0,0,0,0,0,0,0,0,0,0,0,0,0,0,    -222,       0,       0,       0,       0,       0,    -133,       0,       0,   -1980,    5426,    -254,   -2367,    5172,    2145,   -5394,100.0,0.0,0.0,0.0,0.0,0.0,5.6,0.0,0.0,28.6,41.7,12.2,46.4,53.9,53.6,46.1,100.0,0.0,0.0,0.0,0.0,0.0,5.6,0.0,0.0,28.6,41.7,12.2,46.4,53.9,53.6,46.1,100.0,0.0,0.0,0.0,0.0,0.0,0.0,0.0,0.0,0.0,0.0,0.0,0.0,0.0,0.0,0.0,27,      0,      0,      0,      0,      0,.,      0,      0,     14,      9,      9,23,     13,27,      0,      0,      0,      0,      0,.,      0,      0,     14,      9,      9,     23,     13,      0,      0,      0,      0,      0,      0,      0,      0,      0,      0,      0,      0,      0,      0,22.0,32.4,33.4,49.3,17.5,28.8,27.2,41.0,22.0,32.4,33.4,49.3,17.5,28.8,27.2,41.0,0.0,0.0,0.0,0.0,0.0,0.0,0.0,0.0,(CONTRACTS OF 10 TROY OUNCES),088695,CMX ,88,N20,Combined
MICRO GOLD - COMMODITY EXCHANGE INC.,250401,2025-04-01,088695,CMX ,1,88,38127,0,0,0,0,0,2266,0,0,12804,10399,4871,19941,15270,18186,22857,38127,0,0,0,0,0,2266,0,0,12804,10399,4871,19941,15270,18186,22857,0,0,0,0,0,0,0,0,0,0,0,0,0,0,0,0,    -107,       0,       0,       0,       0,       0,     362,       0,       0,    3135,   -5721,   -1945,    1552,   -7666,   -1659,    7559,100.0,0.0,0.0,0.0,0.0,0.0,5.9,0.0,0.0,33.6,27.3,12.8,52.3,40.1,47.7,59.9,100.0,0.0,0.0,0.0,0.0,0.0,5.9,0.0,0.0,33.6,27.3,12.8,52.3,40.1,47.7,59.9,100.0,0.0,0.0,0.0,0.0,0.0,0.0,0.0,0.0,0.0,0.0,0.0,0.0,0.0,0.0,0.0,30,      0,      0,      0,      0,      0,      4,      0,      0,     14,     11,      8,22,     16,30,      0,      0,      0,      0,      0,      4,      0,      0,     14,     11,      8,     22,     16,      0,      0,      0,      0,      0,      0,      0,      0,      0,      0,      0,      0,      0,      0,24.5,24.3,38.8,33.7,21.6,18.6,31.4,25.2,24.5,24.3,38.8,33.7,21.6,18.6,31.4,25.2,0.0,0.0,0.0,0.0,0.0,0.0,0.0,0.0,(CONTRACTS OF 10 TROY OUNCES),088695,CMX ,88,N20,Combined
MICRO GOLD - COMMODITY EXCHANGE INC.,250325,2025-03-25,088695,CMX ,1,88,38234,0,0,0,0,0,1904,0,0,9669,16120,6816,18389,22936,19845,15298,38234,0,0,0,0,0,1904,0,0,9669,16120,6816,18389,22936,19845,15298,0,0,0,0,0,0,0,0,0,0,0,0,0,0,0,0,    2231,       0,       0,       0,       0,       0,    -121,       0,     -75,    -866,    4878,    2639,    1577,    7442,     654,   -5211,100.0,0.0,0.0,0.0,0.0,0.0,5.0,0.0,0.0,25.3,42.2,17.8,48.1,60.0,51.9,40.0,100.0,0.0,0.0,0.0,0.0,0.0,5.0,0.0,0.0,25.3,42.2,17.8,48.1,60.0,51.9,40.0,100.0,0.0,0.0,0.0,0.0,0.0,0.0,0.0,0.0,0.0,0.0,0.0,0.0,0.0,0.0,0.0,25,      0,      0,      0,      0,      0,.,      0,      0,     12,     10,      9,20,     14,25,      0,      0,      0,      0,      0,.,      0,      0,     12,     10,      9,     20,     14,      0,      0,      0,      0,      0,      0,      0,      0,      0,      0,      0,      0,      0,      0,26.2,38.0,38.9,54.9,20.8,33.6,25.9,40.7,26.2,38.0,38.9,54.9,20.8,33.6,25.9,40.7,0.0,0.0,0.0,0.0,0.0,0.0,0.0,0.0,(CONTRACTS OF 10 TROY OUNCES),088695,CMX ,88,N20,Combined
MICRO GOLD - COMMODITY EXCHANGE INC.,250318,2025-03-18,088695,CMX ,1,88,36003,0,0,0,0,0,2025,0,75,10535,11242,4177,16812,15494,19191,20509,36003,0,0,0,0,0,2025,0,75,10535,11242,4177,16812,15494,19191,20509,0,0,0,0,0,0,0,0,0,0,0,0,0,0,0,0,    4017,       0,       0,       0,       0,       0,     443,    -270,      75,    1505,   -4620,    2010,    4033,   -2805,     -16,    6822,100.0,0.0,0.0,0.0,0.0,0.0,5.6,0.0,0.2,29.3,31.2,11.6,46.7,43.0,53.3,57.0,100.0,0.0,0.0,0.0,0.0,0.0,5.6,0.0,0.2,29.3,31.2,11.6,46.7,43.0,53.3,57.0,100.0,0.0,0.0,0.0,0.0,0.0,0.0,0.0,0.0,0.0,0.0,0.0,0.0,0.0,0.0,0.0,24,      0,      0,      0,      0,      0,.,      0,.,     11,     10,      8,19,     14,24,      0,      0,      0,      0,      0,.,      0,.,     11,     10,      8,     19,     14,      0,      0,      0,      0,      0,      0,      0,      0,      0,      0,      0,      0,      0,      0,24.7,24.7,35.2,38.5,23.8,22.9,30.5,30.0,24.7,24.7,35.2,38.5,23.8,22.9,30.5,30.0,0.0,0.0,0.0,0.0,0.0,0.0,0.0,0.0,(CONTRACTS OF 10 TROY OUNCES),088695,CMX ,88,N20,Combined
MICRO GOLD - COMMODITY EXCHANGE INC.,250311,2025-03-11,088695,CMX ,1,88,31986,0,0,0,0,0,1582,270,0,9030,15862,2167,12779,18299,19207,13687,31986,0,0,0,0,0,1582,270,0,9030,15862,2167,12779,18299,19207,13687,0,0,0,0,0,0,0,0,0,0,0,0,0,0,0,0,     565,       0,       0,       0,       0,       0,       0,     112,     -76,    1305,    1040,    -222,    1007,     854,    -442,    -289,100.0,0.0,0.0,0.0,0.0,0.0,4.9,0.8,0.0,28.2,49.6,6.8,40.0,57.2,60.0,42.8,100.0,0.0,0.0,0.0,0.0,0.0,4.9,0.8,0.0,28.2,49.6,6.8,40.0,57.2,60.0,42.8,100.0,0.0,0.0,0.0,0.0,0.0,0.0,0.0,0.0,0.0,0.0,0.0,0.0,0.0,0.0,0.0,22,      0,      0,      0,      0,      0,.,.,      0,      9,     10,      8,16,     14,22,      0,      0,      0,      0,      0,.,.,      0,      9,     10,      8,     16,     14,      0,      0,      0,      0,      0,      0,      0,      0,      0,      0,      0,      0,      0,      0,21.5,42.4,31.6,54.8,21.5,41.3,30.8,48.9,21.5,42.4,31.6,54.8,21.5,41.3,30.8,48.9,0.0,0.0,0.0,0.0,0.0,0.0,0.0,0.0,(CONTRACTS OF 10 TROY OUNCES),088695,CMX ,88,N20,Combined
MICRO GOLD - COMMODITY EXCHANGE INC.,250304,2025-03-04,088695,CMX ,1,88,31421,0,0,0,0,0,1582,158,76,7725,14822,2389,11772,17445,19649,13976,31421,0,0,0,0,0,1582,158,76,7725,14822,2389,11772,17445,19649,13976,0,0,0,0,0,0,0,0,0,0,0,0,0,0,0,0,   -3098,       0,       0,       0,       0,       0,    -309,     -68,      19,   -1105,    1207,   -1016,   -2411,     142,    -687,   -3240,100.0,0.0,0.0,0.0,0.0,0.0,5.0,0.5,0.2,24.6,47.2,7.6,37.5,55.5,62.5,44.5,100.0,0.0,0.0,0.0,0.0,0.0,5.0,0.5,0.2,24.6,47.2,7.6,37.5,55.5,62.5,44.5,100.0,0.0,0.0,0.0,0.0,0.0,0.0,0.0,0.0,0.0,0.0,0.0,0.0,0.0,0.0,0.0,22,      0,      0,      0,      0,      0,.,.,.,     10,      9,      8,18,     13,22,      0,      0,      0,      0,      0,.,.,.,     10,      9,      8,     18,     13,      0,      0,      0,      0,      0,      0,      0,      0,      0,      0,      0,      0,      0,      0,19.2,43.0,28.8,53.8,19.2,39.9,26.2,47.0,19.2,43.0,28.8,53.8,19.2,39.9,26.2,47.0,0.0,0.0,0.0,0.0,0.0,0.0,0.0,0.0,(CONTRACTS OF 10 TROY OUNCES),088695,CMX ,88,N20,Combined
MICRO GOLD - COMMODITY EXCHANGE INC.,250225,2025-02-25,088695,CMX ,1,88,34519,0,0,0,0,0,1891,226,57,8830,13615,3405,14183,17303,20336,17216,34519,0,0,0,0,0,1891,226,57,8830,13615,3405,14183,17303,20336,17216,0,0,0,0,0,0,0,0,0,0,0,0,0,0,0,0,     902,       0,       0,       0,       0,       0,    -223,     226,      57,    -704,    4223,     618,    -252,    5124,    1154,   -4222,100.0,0.0,0.0,0.0,0.0,0.0,5.5,0.7,0.2,25.6,39.4,9.9,41.1,50.1,58.9,49.9,100.0,0.0,0.0,0.0,0.0,0.0,5.5,0.7,0.2,25.6,39.4,9.9,41.1,50.1,58.9,49.9,100.0,0.0,0.0,0.0,0.0,0.0,0.0,0.0,0.0,0.0,0.0,0.0,0.0,0.0,0.0,0.0,21,      0,      0,      0,      0,      0,.,.,.,      9,      8,      8,17,     13,21,      0,      0,      0,      0,      0,.,.,.,      9,      8,      8,     17,     13,      0,      0,      0,      0,      0,      0,      0,      0,      0,      0,      0,      0,      0,      0,20.0,38.6,32.5,48.3,18.6,32.9,27.8,39.4,20.0,38.6,32.5,48.3,18.6,32.9,27.8,39.4,0.0,0.0,0.0,0.0,0.0,0.0,0.0,0.0,(CONTRACTS OF 10 TROY OUNCES),088695,CMX ,88,N20,Combined
MICRO GOLD - COMMODITY EXCHANGE INC.,250218,2025-02-18,088695,CMX ,1,88,33617,0,0,0,0,0,2114,0,0,9534,9392,2787,14435,12179,19182,21438,33617,0,0,0,0,0,2114,0,0,9534,9392,2787,14435,12179,19182,21438,0,0,0,0,0,0,0,0,0,0,0,0,0,0,0,0,    1437,     -19,    -251,       0,       0,       0,    -308,       0,       0,    -107,     359,     293,    -141,     401,    1578,    1036,100.0,0.0,0.0,0.0,0.0,0.0,6.3,0.0,0.0,28.4,27.9,8.3,42.9,36.2,57.1,63.8,100.0,0.0,0.0,0.0,0.0,0.0,6.3,0.0,0.0,28.4,27.9,8.3,42.9,36.2,57.1,63.8,100.0,0.0,0.0,0.0,0.0,0.0,0.0,0.0,0.0,0.0,0.0,0.0,0.0,0.0,0.0,0.0,22,      0,      0,      0,      0,      0,.,      0,      0,      9,     10,      7,16,     13,22,      0,      0,      0,      0,      0,.,      0,      0,      9,     10,      7,     16,     13,      0,      0,      0,      0,      0,      0,      0,      0,      0,      0,      0,      0,      0,      0,26.0,23.7,36.3,33.1,23.0,19.7,31.0,26.1,26.0,23.7,36.3,33.1,23.0,19.7,31.0,26.1,0.0,0.0,0.0,0.0,0.0,0.0,0.0,0.0,(CONTRACTS OF 10 TROY OUNCES),088695,CMX ,88,N20,Combined
MICRO GOLD - COMMODITY EXCHANGE INC.,250211,2025-02-11,088695,CMX ,1,88,32180,19,251,0,0,0,2422,0,0,9641,9033,2494,14576,11778,17604,20402,32180,19,251,0,0,0,2422,0,0,9641,9033,2494,14576,11778,17604,20402,0,0,0,0,0,0,0,0,0,0,0,0,0,0,0,0,.,.,.,.,.,.,.,.,.,.,.,.,.,.,.,.,100.0,0.1,0.8,0.0,0.0,0.0,7.5,0.0,0.0,30.0,28.1,7.8,45.3,36.6,54.7,63.4,100.0,0.1,0.8,0.0,0.0,0.0,7.5,0.0,0.0,30.0,28.1,7.8,45.3,36.6,54.7,63.4,100.0,0.0,0.0,0.0,0.0,0.0,0.0,0.0,0.0,0.0,0.0,0.0,0.0,0.0,0.0,0.0,24,.,.,      0,      0,      0,      4,      0,      0,      9,     10,      7,17,     15,24,.,.,      0,      0,      0,      4,      0,      0,      9,     10,      7,     17,     15,      0,      0,      0,      0,      0,      0,      0,      0,      0,      0,      0,      0,      0,      0,27.8,23.7,38.4,32.9,24.8,20.3,33.2,26.7,27.8,23.7,38.4,32.9,24.8,20.3,33.2,26.7,0.0,0.0,0.0,0.0,0.0,0.0,0.0,0.0,(CONTRACTS OF 10 TROY OUNCES),088695,CMX ,88,N20,Combined
MICRO GOLD - COMMODITY EXCHANGE INC.,250128,2025-01-28,088695,CMX ,1,88,37918,11,238,0,0,0,1560,396,0,7062,7595,13383,22016,21612,15902,16306,37918,11,238,0,0,0,1560,396,0,7062,7595,13383,22016,21612,15902,16306,0,0,0,0,0,0,0,0,0,0,0,0,0,0,0,0,     540,      -1,      10,       0,       0,       0,    -624,     396,     -46,    -157,   -3572,    3152,    2324,     -60,   -1784,     600,100.0,0.0,0.6,0.0,0.0,0.0,4.1,1.0,0.0,18.6,20.0,35.3,58.1,57.0,41.9,43.0,100.0,0.0,0.6,0.0,0.0,0.0,4.1,1.0,0.0,18.6,20.0,35.3,58.1,57.0,41.9,43.0,100.0,0.0,0.0,0.0,0.0,0.0,0.0,0.0,0.0,0.0,0.0,0.0,0.0,0.0,0.0,0.0,23,.,.,      0,      0,      0,.,.,      0,     10,     10,      9,16,     17,23,.,.,      0,      0,      0,.,.,      0,     10,     10,      9,     16,     17,      0,      0,      0,      0,      0,      0,      0,      0,      0,      0,      0,      0,      0,      0,35.5,42.9,50.8,51.6,15.2,14.7,21.0,19.1,35.5,42.9,50.8,51.6,15.2,14.7,21.0,19.1,0.0,0.0,0.0,0.0,0.0,0.0,0.0,0.0,(CONTRACTS OF 10 TROY OUNCES),088695,CMX ,88,N20,Combined
MICRO GOLD - COMMODITY EXCHANGE INC.,250121,2025-01-21,088695,CMX ,1,88,37378,12,228,0,0,0,2184,0,46,7219,11167,10231,19692,21672,17686,15706,37378,12,228,0,0,0,2184,0,46,7219,11167,10231,19692,21672,17686,15706,0,0,0,0,0,0,0,0,0,0,0,0,0,0,0,0,    3863,      12,     228,       0,       0,       0,     606,    -916,      46,    1267,    1036,    1325,    3256,    1719,     607,    2144,100.0,0.0,0.6,0.0,0.0,0.0,5.8,0.0,0.1,19.3,29.9,27.4,52.7,58.0,47.3,42.0,100.0,0.0,0.6,0.0,0.0,0.0,5.8,0.0,0.1,19.3,29.9,27.4,52.7,58.0,47.3,42.0,100.0,0.0,0.0,0.0,0.0,0.0,0.0,0.0,0.0,0.0,0.0,0.0,0.0,0.0,0.0,0.0,22,.,.,      0,      0,      0,.,      0,.,     10,      8,      8,17,     15,22,.,.,      0,      0,      0,.,      0,.,     10,      8,      8,     17,     15,      0,      0,      0,      0,      0,      0,      0,      0,      0,      0,      0,      0,      0,      0,29.3,44.5,43.6,54.8,15.0,25.1,21.2,29.9,29.3,44.5,43.6,54.8,15.0,25.1,21.2,29.9,0.0,0.0,0.0,0.0,0.0,0.0,0.0,0.0,(CONTRACTS OF 10 TROY OUNCES),088695,CMX ,88,N20,Combined
MICRO GOLD - COMMODITY EXCHANGE INC.,250114,2025-01-14,088695,CMX ,1,88,33515,0,0,0,0,0,1578,916,0,5952,10131,8906,16436,19953,17079,13562,33515,0,0,0,0,0,1578,916,0,5952,10131,8906,16436,19953,17079,13562,0,0,0,0,0,0,0,0,0,0,0,0,0,0,0,0,.,.,.,.,.,.,.,.,.,.,.,.,.,.,.,.,100.0,0.0,0.0,0.0,0.0,0.0,4.7,2.7,0.0,17.8,30.2,26.6,49.0,59.5,51.0,40.5,100.0,0.0,0.0,0.0,0.0,0.0,4.7,2.7,0.0,17.8,30.2,26.6,49.0,59.5,51.0,40.5,100.0,0.0,0.0,0.0,0.0,0.0,0.0,0.0,0.0,0.0,0.0,0.0,0.0,0.0,0.0,0.0,20,      0,      0,      0,      0,      0,.,.,      0,      9,      8,      8,13,     15,20,      0,      0,      0,      0,      0,.,.,      0,      9,      8,      8,     13,     15,      0,      0,      0,      0,      0,      0,      0,      0,      0,      0,      0,      0,      0,      0,31.1,43.0,43.4,53.4,14.2,24.1,21.0,30.6,31.1,43.0,43.4,53.4,14.2,24.1,21.0,30.6,0.0,0.0,0.0,0.0,0.0,0.0,0.0,0.0,(CONTRACTS OF 10 TROY OUNCES),088695,CMX ,88,N20,Combined
